-- --------------------------------------------------------
-- Host:                         localhost
-- Server version:               10.4.6-MariaDB-log - mariadb.org binary distribution
-- Server OS:                    Win32
-- HeidiSQL Version:             9.5.0.5337
-- --------------------------------------------------------

/*!40101 SET @OLD_CHARACTER_SET_CLIENT=@@CHARACTER_SET_CLIENT */;
/*!40101 SET NAMES utf8 */;
/*!50503 SET NAMES utf8mb4 */;
/*!40014 SET @OLD_FOREIGN_KEY_CHECKS=@@FOREIGN_KEY_CHECKS, FOREIGN_KEY_CHECKS=0 */;
/*!40101 SET @OLD_SQL_MODE=@@SQL_MODE, SQL_MODE='NO_AUTO_VALUE_ON_ZERO' */;


-- Dumping database structure for db_evoting
DROP DATABASE IF EXISTS `db_evoting`;
CREATE DATABASE IF NOT EXISTS `db_evoting` /*!40100 DEFAULT CHARACTER SET latin1 */;
USE `db_evoting`;

-- Dumping structure for table db_evoting.t_admin
DROP TABLE IF EXISTS `t_admin`;
CREATE TABLE IF NOT EXISTS `t_admin` (
  `id_admin` tinyint(1) NOT NULL AUTO_INCREMENT,
  `username` varchar(35) NOT NULL,
  `fullname` varchar(50) NOT NULL,
  `password` varchar(255) NOT NULL,
  PRIMARY KEY (`id_admin`)
) ENGINE=InnoDB AUTO_INCREMENT=5 DEFAULT CHARSET=latin1;

-- Dumping data for table db_evoting.t_admin: ~4 rows (approximately)
DELETE FROM `t_admin`;
/*!40000 ALTER TABLE `t_admin` DISABLE KEYS */;
INSERT INTO `t_admin` (`id_admin`, `username`, `fullname`, `password`) VALUES
	(1, 'admin', 'administrator', '$2y$10$5ok3rcIOv/yNIlPIGo49a.cXRAiA5ZsnxbpijFoyy5EuuYyVrZetu'),
	(2, 'kamad', 'Kepala Madrasah', '$2y$10$kEyCunmqPa9Ot1YYlZgzauMrTW4DHAIX95Xn3t/T/xlMcjRu9RJ0m'),
	(3, 'waka', 'Wakil Kepala Madrasah', '$2y$10$BqoO7w3H54yfSlYAP8ogFO.W5Of5RJvvWuUQp4SWSFLlCXZG4UgTK'),
	(4, 'guru', 'Guru', '$2y$10$v4EY1Wl2.SHKacAI3jhO4.yiJ5KNErmLH.V2IpEDG6UizTXAEpj1.');
/*!40000 ALTER TABLE `t_admin` ENABLE KEYS */;

-- Dumping structure for table db_evoting.t_kandidat
DROP TABLE IF EXISTS `t_kandidat`;
CREATE TABLE IF NOT EXISTS `t_kandidat` (
  `id_kandidat` smallint(4) NOT NULL AUTO_INCREMENT,
  `nama_calon` varchar(50) NOT NULL,
  `foto` varchar(255) NOT NULL,
  `visi` text NOT NULL,
  `misi` text NOT NULL,
  `suara` smallint(4) NOT NULL DEFAULT 0,
  `periode` varchar(9) NOT NULL,
  PRIMARY KEY (`id_kandidat`)
) ENGINE=InnoDB AUTO_INCREMENT=7 DEFAULT CHARSET=latin1;

-- Dumping data for table db_evoting.t_kandidat: ~3 rows (approximately)
DELETE FROM `t_kandidat`;
/*!40000 ALTER TABLE `t_kandidat` DISABLE KEYS */;
INSERT INTO `t_kandidat` (`id_kandidat`, `nama_calon`, `foto`, `visi`, `misi`, `suara`, `periode`) VALUES
	(1, 'Wildan dan Ani', 'wildan-ani.jpeg', 'Menciptakan lingkungan SMA x (nama sekolah) yang nyaman, harmonis, bersih, dan berprestasi dengan berlandasakan iman kepada Tuhan.', '1. Meningkatkan kesadaran siswa mengenai kebersihan sekolah.\r\n2. Membentuk program-program belajar untuk meningkatkan prestasi siswa.\r\n3. Memfasilitasi bakat dan minat siswa agar menghasilkan prestasi.\r\n4. Mengembangkan kegiatan ekstrakurikuler yang menambah erat hubungan antar siswa.\r\n5. Memunculkan kegiatan-kegiatan agama untuk memperkokoh iman kepada Tuhan.', 111, '2019/2020'),
	(2, 'Kevin dan Elvan', 'kevin-elvan.jpeg', 'smart', 'choise', 156, '2019/2020'),
	(3, 'Arip dan Cindy', 'arip-cindy.jpeg', 'Menjadikan SMA x (nama sekolah) berkualitas, aktif, berprestasi, dengan berlandaskan iman dan takwa.', '1. Menumbuhkan keimanan dan ketaqwaan pada Tuhan.\r\n2. Memperkuat rasa kekeluargaan antar siswa.\r\n3. Menanamkan sikap disiplin pada semua siswa.\r\n4. Meningkatkan kesadaran siswa tentang kebersihan sekolah.\r\n5. Mengembangkan bakat dan potensi yang dimiliki siswa.\r\n6. Melanjutkan program OSIS yang belum selesai di periode sebelumnya.\r\n7. Memajukan prestasi sekolah dalam segala bidang.', 198, '2019/2020');
/*!40000 ALTER TABLE `t_kandidat` ENABLE KEYS */;

-- Dumping structure for table db_evoting.t_kelas
DROP TABLE IF EXISTS `t_kelas`;
CREATE TABLE IF NOT EXISTS `t_kelas` (
  `id_kelas` varchar(3) NOT NULL,
  `nama_kelas` varchar(10) NOT NULL,
  PRIMARY KEY (`id_kelas`)
) ENGINE=InnoDB DEFAULT CHARSET=latin1;

-- Dumping data for table db_evoting.t_kelas: ~34 rows (approximately)
DELETE FROM `t_kelas`;
/*!40000 ALTER TABLE `t_kelas` DISABLE KEYS */;
INSERT INTO `t_kelas` (`id_kelas`, `nama_kelas`) VALUES
	('K01', '7A'),
	('K02', '7B'),
	('K03', '7C'),
	('K04', '7FD1'),
	('K05', '7FD2'),
	('K06', '7FD3'),
	('K07', '7PK1'),
	('K08', '7PK2'),
	('K09', '7PK3'),
	('K10', '7PK4'),
	('K11', '7TQ'),
	('K12', '8A'),
	('K13', '8B'),
	('K14', '8C'),
	('K16', '8FD1'),
	('K17', '8FD2'),
	('K18', '8PK1'),
	('K19', '8PK2'),
	('K20', '8PK3'),
	('K21', '8PK4'),
	('K22', '8TQ'),
	('K23', '9A'),
	('K24', '9B'),
	('K25', '9C'),
	('K26', '9D'),
	('K28', '9FD1'),
	('K29', '9FD2'),
	('K30', '9PK1'),
	('K31', '9PK2'),
	('K32', '9PK3'),
	('K33', '9PK4'),
	('K34', '9TQ');
/*!40000 ALTER TABLE `t_kelas` ENABLE KEYS */;

-- Dumping structure for table db_evoting.t_pemilih
DROP TABLE IF EXISTS `t_pemilih`;
CREATE TABLE IF NOT EXISTS `t_pemilih` (
  `nis` varchar(10) NOT NULL,
  `periode` varchar(9) NOT NULL
) ENGINE=InnoDB DEFAULT CHARSET=latin1;

-- Dumping data for table db_evoting.t_pemilih: ~4 rows (approximately)
DELETE FROM `t_pemilih`;
/*!40000 ALTER TABLE `t_pemilih` DISABLE KEYS */;
/*!40000 ALTER TABLE `t_pemilih` ENABLE KEYS */;

-- Dumping structure for table db_evoting.t_user
DROP TABLE IF EXISTS `t_user`;
CREATE TABLE IF NOT EXISTS `t_user` (
  `id_user` varchar(10) NOT NULL,
  `fullname` varchar(50) NOT NULL,
  `id_kelas` varchar(3) NOT NULL,
  `jk` enum('L','P') NOT NULL,
  `pemilih` enum('Y','N') NOT NULL DEFAULT 'Y',
  PRIMARY KEY (`id_user`)
) ENGINE=InnoDB DEFAULT CHARSET=latin1;

-- Dumping data for table db_evoting.t_user: ~5 rows (approximately)
DELETE FROM `t_user`;
/*!40000 ALTER TABLE `t_user` DISABLE KEYS */;
INSERT INTO `t_user` (`id_user`, `fullname`, `id_kelas`, `jk`, `pemilih`) VALUES
	('10438', 'AFANINA RIZKY RAMADHANI', 'K30', 'P', 'Y'),
	('10439', 'AISHA AINAYYA FAJRI  NAUSYA', 'K30', 'P', 'Y'),
	('10440', 'ALDIN PRADYATAMA', 'K30', 'L', 'Y'),
	('10441', 'ANINDITA AMATYA PUTRI', 'K30', 'P', 'Y'),
	('10442', 'ANISAH MIFTAHUL ULINUHA', 'K30', 'P', 'Y'),
	('10443', 'ARIFIN NUR CAHYOSETO', 'K30', 'L', 'Y'),
	('10444', 'CLAUDEA CAHAYA CINTA', 'K30', 'P', 'Y'),
	('10445', 'DAFFA AL FAZA', 'K30', 'L', 'Y'),
	('10446', 'GHINA SALWA FADHILAH', 'K30', 'P', 'Y'),
	('10447', 'MUH REVANZA DANENDRATAMA', 'K30', 'L', 'Y'),
	('10448', 'NABIEL MAULANA MUSA', 'K30', 'L', 'Y'),
	('10449', 'NOVIA RAHMAH ZUHROH', 'K30', 'P', 'Y'),
	('10450', 'RAIHAN AKLIS AKYUN', 'K30', 'L', 'Y'),
	('10451', 'RAMA BAGUS KIRANA', 'K30', 'L', 'Y'),
	('10452', 'REYHAN ALAN RAY', 'K30', 'L', 'Y'),
	('10453', 'SABRINA KAYLA', 'K30', 'P', 'Y'),
	('10454', 'SAFFANAH AZKA NURFIANA', 'K30', 'P', 'Y'),
	('10455', 'SALSABILA NAYLA PARAMITHA', 'K30', 'P', 'Y'),
	('10456', 'SALSABILA NUR AZIZAH', 'K30', 'P', 'Y'),
	('10457', 'SEKAR ISNANDA QURROTA AYUN', 'K30', 'P', 'Y'),
	('10459', 'TSANIA RACHMAN AYU MISKY', 'K30', 'P', 'Y'),
	('10460', 'ULLINUHA  SALSABILA', 'K30', 'P', 'Y'),
	('10461', 'VRISKA PRADANA GUSNIANINGSIH', 'K30', 'P', 'Y'),
	('10462', 'ADI MIRZA WIBAWA', 'K31', 'L', 'Y'),
	('10463', 'AISYAH NURFADHILAH JAMHURI', 'K31', 'P', 'Y'),
	('10464', 'CARMELITA AZZAHRA KUSUMADEWI', 'K31', 'P', 'Y'),
	('10465', 'DIRA ANGGUN RISMAWATI', 'K31', 'P', 'Y'),
	('10466', 'EVA ROSYITA', 'K31', 'P', 'Y'),
	('10467', 'FABIANDIKA ABIYYU DAFFANSYAH', 'K31', 'L', 'Y'),
	('10468', 'FAHREZY ARSYAD NUGROHO', 'K31', 'L', 'Y'),
	('10469', 'ISYKARIMA HANIF BUTSAINAH', 'K31', 'P', 'Y'),
	('10470', 'KEYSHA PARADISA ENRA', 'K31', 'P', 'Y'),
	('10471', 'KHAIRUNNISA SHAFARIDA', 'K31', 'P', 'Y'),
	('10472', 'MEILINA INDAH DWI HAPSARI ', 'K31', 'P', 'Y'),
	('10473', 'MUHAMMAD AKMAL ABIMANYU', 'K31', 'L', 'Y'),
	('10474', 'MUHAMMAD ARKAN FAIZAL', 'K31', 'L', 'Y'),
	('10475', 'MUHAMMAD AZFAR IMTIAZZIHNI', 'K31', 'L', 'Y'),
	('10476', 'MUHAMMAD HAFIDZ RAMADHAN', 'K31', 'L', 'Y'),
	('10477', 'NAJMA SAFIRA RAHADINA', 'K31', 'P', 'Y'),
	('10478', 'NASYWA ABHARINA SETYA RAMADHANI', 'K31', 'P', 'Y'),
	('10479', 'REIHANITA ALIFA', 'K31', 'P', 'Y'),
	('10480', 'RIFKI  ZAKHI  SAPUTRA', 'K31', 'L', 'Y'),
	('10481', 'SAJIDAH LAILI QODARIYAH', 'K31', 'P', 'Y'),
	('10482', 'SATRIA KUSUMA MAHARDIKA', 'K31', 'L', 'Y'),
	('10483', 'SAYYID AFKAR RIZQI ADLI AZIZ', 'K31', 'L', 'Y'),
	('10484', 'WAHYU WIDIYANTO', 'K31', 'L', 'Y'),
	('10485', 'ZAHRA AGUSTINA', 'K31', 'P', 'Y'),
	('10486', 'ADHISTI NAJLA HANNIFAH', 'K32', 'P', 'Y'),
	('10488', 'AFTINO DAFFA HABIBI', 'K32', 'L', 'Y'),
	('10489', 'AHMAD NAUFAL ALI', 'K32', 'L', 'Y'),
	('10490', 'AHSAN TSAQIF AL AUFA', 'K32', 'L', 'Y'),
	('10491', 'ALYA WIDYA FATIKHA', 'K32', 'P', 'Y'),
	('10492', 'ANINDITA WINNY PERWITASARI', 'K32', 'P', 'Y'),
	('10493', 'AULIA PERMATA YASMIN', 'K32', 'P', 'Y'),
	('10494', 'FIRDA DIAN YUDHA AZ ZAHRA', 'K32', 'P', 'Y'),
	('10495', 'GHAZA AL GHIFFARY', 'K32', 'L', 'Y'),
	('10496', 'HANIFAH EKA RAHMASARI', 'K32', 'P', 'Y'),
	('10497', 'HANIFAN KURNIA WINANDA', 'K32', 'L', 'Y'),
	('10498', 'HARDI NOOR', 'K32', 'L', 'Y'),
	('10499', 'HUSNA MAULIDA YULIA RAHMA', 'K32', 'P', 'Y'),
	('10500', 'MARETTA GOVANI DINDA SACINTA', 'K32', 'P', 'Y'),
	('10501', 'MEIDINA YUMNA ISWARA', 'K32', 'P', 'Y'),
	('10502', 'MELANY PUTRI MARGANA', 'K32', 'P', 'Y'),
	('10503', 'MUHAMMAD ABDUL AZIZ AL-AMIRI', 'K32', 'L', 'Y'),
	('10504', 'MUHAMMAD HAFIDH ANANTO', 'K32', 'L', 'Y'),
	('10505', 'RIFQI FAUZAN', 'K32', 'L', 'Y'),
	('10506', 'SALMA FATILA GHAISANI', 'K32', 'P', 'Y'),
	('10507', 'SHABITA VENSKA CHRISTAMARA', 'K32', 'P', 'Y'),
	('10508', 'SITI AQILAH INTANI', 'K32', 'P', 'Y'),
	('10509', 'THURFAH MAHIRA AHNAF', 'K32', 'P', 'Y'),
	('10510', 'ALISHA NABIHA NUR ULIMA RAHMAPUTRI', 'K33', 'P', 'Y'),
	('10511', 'ALMIRA KUSUMA ASTY PUTRI', 'K33', 'P', 'Y'),
	('10512', 'AULIA RYNDHA LUTHFITASARI', 'K33', 'P', 'Y'),
	('10513', 'CHANDRA HALIM ABDURRAHMAN', 'K33', 'L', 'Y'),
	('10514', 'ERLINDA SYAHWA UMI SHOLIKHAH', 'K33', 'P', 'Y'),
	('10515', 'FIDELA ANANDITA', 'K33', 'P', 'Y'),
	('10516', 'HAFIIZHA DIEFA UL HAQQ', 'K33', 'P', 'Y'),
	('10517', 'HAIDAR MAKARIM', 'K33', 'L', 'Y'),
	('10518', 'KAILA SAFA VIO TABINA', 'K33', 'P', 'Y'),
	('10519', 'MALIKA AYU SYAMIRA', 'K33', 'P', 'Y'),
	('10520', 'MUHAMMAD ANDHIKA YUDAPRATAMA', 'K33', 'L', 'Y'),
	('10521', 'MUHAMMAD DAFA AULIA', 'K33', 'L', 'Y'),
	('10522', 'NABILA ARDELIA ARIFAH', 'K33', 'P', 'Y'),
	('10523', 'NADHIF FAVIAN GARADAIVA AKHMAD', 'K33', 'L', 'Y'),
	('10524', 'NAUFAL JUSTIKA BHAGASKARA', 'K33', 'L', 'Y'),
	('10525', 'NELLA NOURA MAZAYA', 'K33', 'P', 'Y'),
	('10526', 'NUR ALIFAH AZ-ZAHRA', 'K33', 'P', 'Y'),
	('10527', 'ROSSA SETYA PRATAMA', 'K33', 'P', 'Y'),
	('10528', 'SAHIL HASNAN SYAHDEWA', 'K33', 'L', 'Y'),
	('10529', 'SALZA BILLA', 'K33', 'P', 'Y'),
	('10530', 'SHABRINA HANUM SALSABILA', 'K33', 'P', 'Y'),
	('10531', 'SHUBHIYAH LINTANG RAHADATULAISY', 'K33', 'P', 'Y'),
	('10532', 'SYAHRUL GEMILANG', 'K33', 'L', 'Y'),
	('10533', 'USAMAH ALAUDDIEN', 'K33', 'L', 'Y'),
	('10534', 'ALFRIZAN ZUHRI ALAMSYAH', 'K30', 'L', 'Y'),
	('10535', 'ALIF BAGAS PRAKOSO', 'K28', 'L', 'Y'),
	('10536', 'ALIFIA YASMIN MUTIA', 'K28', 'P', 'Y'),
	('10537', 'BELVANIA SADIA RISWINANDA', 'K28', 'P', 'Y'),
	('10538', 'DAFFA ARYA MAULANA', 'K28', 'L', 'Y'),
	('10539', 'DEMAS AURELIO IFSA PRAMANA', 'K28', 'L', 'Y'),
	('10540', 'DZUHRIYAH RAHMAWATI MINARDY', 'K28', 'P', 'Y'),
	('10541', 'DZULQAIDAH ANNISA WENING ATI', 'K28', 'P', 'Y'),
	('10542', 'ENGGAR ASIH INDARISNAN', 'K28', 'P', 'Y'),
	('10543', 'FADLURRAHMAN FARIZI', 'K28', 'L', 'Y'),
	('10544', 'FAIRUS YAFI BURHANUDDIN', 'K28', 'L', 'Y'),
	('10545', 'FAIZ AKHBAR  KURNIAWAN', 'K28', 'L', 'Y'),
	('10546', 'FAIZ AL GHOZI HIDAYATULLAH', 'K28', 'L', 'Y'),
	('10548', 'FARHAN RAMADHAN IRAWAN', 'K28', 'L', 'Y'),
	('10549', 'FARIDA NAYLA KHOLILLAH RUSWAN', 'K28', 'P', 'Y'),
	('10550', 'HILMI ZAKI PRATAMA', 'K28', 'L', 'Y'),
	('10551', 'IVANI AZIZAH', 'K28', 'P', 'Y'),
	('10552', 'MUFIDA KHAIRUL MUNA', 'K28', 'P', 'Y'),
	('10553', 'MUTHYA AYU PUSPITASARI', 'K28', 'P', 'Y'),
	('10554', 'NAFISA AURA JAFNA', 'K28', 'P', 'Y'),
	('10555', 'NAZHAEL  KEZHIA ANNORA WIDIANTORO', 'K28', 'P', 'Y'),
	('10556', 'NURABIAN ZAKY ADI NUGROHO', 'K28', 'L', 'Y'),
	('10557', 'RAFI AULIA ZIDNI ASFINDRA', 'K28', 'L', 'Y'),
	('10558', 'RASENDIRA RAKHA WIRATMANA', 'K28', 'L', 'Y'),
	('10559', 'RIFAT ANNAN WIBISONO', 'K28', 'L', 'Y'),
	('10560', 'SASKYRA ZAHRA LARASATI', 'K28', 'P', 'Y'),
	('10561', 'SAUSAN ARIJANIK SUDARSONO', 'K28', 'P', 'Y'),
	('10562', 'SOFIA YULIA AHMAD', 'K28', 'P', 'Y'),
	('10563', 'SYIFA NUR AZIZAH', 'K28', 'P', 'Y'),
	('10564', 'VEVANDA MUSARROFAH AZZAHRA', 'K28', 'P', 'Y'),
	('10565', 'ZAIFA NANDA QURATTU AINI', 'K28', 'P', 'Y'),
	('10566', 'ADIANDRA SURYA SAKTI WICAKSONO', 'K29', 'L', 'Y'),
	('10567', 'AFINA SARI', 'K29', 'P', 'Y'),
	('10568', 'ANANDA RIZKA AULIA', 'K29', 'P', 'Y'),
	('10569', 'ANDARU SEKAR JAGATRU', 'K29', 'P', 'Y'),
	('10570', 'ASHARRIZQON AZIZ GENTANA', 'K29', 'L', 'Y'),
	('10571', 'AURELIA RACHMAWATI', 'K29', 'P', 'Y'),
	('10572', 'BURHANUDDIN AL HAKIM', 'K29', 'L', 'Y'),
	('10573', 'FAKHRU RIFQI MAARIF', 'K29', 'L', 'Y'),
	('10574', 'FAQIH SYAHRUL FATAH', 'K29', 'L', 'Y'),
	('10575', 'FARAH NUR RAMADANI', 'K29', 'P', 'Y'),
	('10576', 'FARISA MUHAIMINA', 'K29', 'P', 'Y'),
	('10577', 'HABIB ZAINURI IHSAN ', 'K29', 'L', 'Y'),
	('10578', 'HANA MAYORI', 'K29', 'P', 'Y'),
	('10579', 'KAYLA RAFIAH NAJALENA', 'K29', 'P', 'Y'),
	('10580', 'LINOV DHIPA SATRIA BUJJA', 'K29', 'L', 'Y'),
	('10581', 'M. ZAIDAN PRIMA AL GHIFARI', 'K29', 'L', 'Y'),
	('10582', 'MAYZALUNA BIRU ALDEBY FLORECITA', 'K29', 'P', 'Y'),
	('10583', 'MUHAMMAD KARIM BILHAQ', 'K29', 'L', 'Y'),
	('10584', 'MUHAMMAD RAFFLY RADHITYA ARSYA', 'K29', 'L', 'Y'),
	('10585', 'MUHAMMAD ZACKY', 'K29', 'L', 'Y'),
	('10586', 'MUSYFIROSY SYIFA QULUB', 'K29', 'P', 'Y'),
	('10587', 'NAILA NUR IFTINA ROSYADI', 'K29', 'P', 'Y'),
	('10588', 'NANDA ALDILLA PUTRI AZIZAH', 'K29', 'P', 'Y'),
	('10589', 'NAYLA RAHMA RIDHAFASYA', 'K29', 'P', 'Y'),
	('10590', 'OSCAR LHAQQ HAFIDH', 'K29', 'L', 'Y'),
	('10591', 'RAFA AULIA ZIDNA ASFINDRA', 'K29', 'L', 'Y'),
	('10592', 'SABRINA ALAYYA TAUFIQIRANI', 'K29', 'P', 'Y'),
	('10593', 'SEPTIAN FAUZAN NAFIS', 'K29', 'L', 'Y'),
	('10594', 'SHABRINA NAJWA SHAHLANI', 'K29', 'P', 'Y'),
	('10595', 'SYARIFA RATNASURI', 'K29', 'P', 'Y'),
	('10596', 'SYFAQ MELANI ELLY SAPUTRI', 'K29', 'P', 'Y'),
	('10597', 'TEGAR VANIA SALSABILLA', 'K29', 'P', 'Y'),
	('10598', 'AMALIA KHUSNA LATHIFAH', 'K32', 'P', 'Y'),
	('10599', 'AMALIA PUTRI NUR SEPTININGSIH', 'K34', 'P', 'Y'),
	('10601', 'ANNISA ROSI NUR ARIFAH', 'K34', 'P', 'Y'),
	('10602', 'AYATUNDIRA SETYoNINGRUM', 'K34', 'P', 'Y'),
	('10603', 'DZAKI NAJID NURRAHMAD', 'K34', 'L', 'Y'),
	('10604', 'FAIQ DZUN-NAJA RAHMAN', 'K34', 'L', 'Y'),
	('10605', 'FAIZA SYAWALINAL FAJRI', 'K34', 'P', 'Y'),
	('10606', 'FATHIYA SALSABILA', 'K34', 'P', 'Y'),
	('10607', 'FIRDA IZZATU MAHYA', 'K34', 'P', 'Y'),
	('10608', 'HANIF RIZKY IHSANI', 'K34', 'L', 'Y'),
	('10609', 'HANIFAH ARIEN FARADILLA', 'K34', 'P', 'Y'),
	('10610', 'HANIFAH KHOIRUNNISA AZZAHRO', 'K34', 'P', 'Y'),
	('10612', 'KHODIJAH GADIS ARIVIA', 'K34', 'P', 'Y'),
	('10613', 'KHOIRUNNISA AULIYA ROSYIDAH', 'K34', 'P', 'Y'),
	('10614', 'M. ALFIAN MIFTAHUL ARIF', 'K34', 'L', 'Y'),
	('10615', 'MAULANA ASTNAN AL-HAYAT', 'K34', 'L', 'Y'),
	('10616', 'MUHAMAD IQBAL ZAKIYANTO', 'K34', 'L', 'Y'),
	('10617', 'NABILA ABIGAIL RIYANTI', 'K34', 'P', 'Y'),
	('10618', 'NASIHA HUSNA SHALIHATY', 'K34', 'P', 'Y'),
	('10619', 'NATASYA PERMATASARI HENDRIANSYAH', 'K34', 'P', 'Y'),
	('10620', 'PRADHANA TEGUH ARYO WICAKSONO', 'K34', 'L', 'Y'),
	('10621', 'RIFA SALSABILA', 'K34', 'P', 'Y'),
	('10622', 'ADIRA GITA AZZAHRA', 'K23', 'P', 'Y'),
	('10623', 'AFIF KHAIRY NUGROHO', 'K23', 'L', 'Y'),
	('10624', 'AGNES TABITA PUTRI', 'K23', 'P', 'Y'),
	('10625', 'AHMAD FAITH ASSAJIDIN ', 'K23', 'L', 'Y'),
	('10626', 'AISYAH RAHMAWATI NUR HAKIM', 'K23', 'P', 'Y'),
	('10627', 'AKBAR GUSMA FAHREZI', 'K23', 'L', 'Y'),
	('10628', 'ALYA MANAL NAZIHAH', 'K23', 'P', 'Y'),
	('10629', 'ASYA IZZATI VIRLIANA', 'K23', 'P', 'Y'),
	('10630', 'AULIA RAHMANIA', 'K23', 'P', 'Y'),
	('10631', 'AVINA HUSNA AMALIA', 'K23', 'P', 'Y'),
	('10632', 'BURHANUDIN ISMAIL', 'K23', 'L', 'Y'),
	('10633', 'DAVIN ARYA NIRWASITA', 'K23', 'L', 'Y'),
	('10634', 'DEEVAN BAHJATULLOH ELHAQ', 'K23', 'L', 'Y'),
	('10635', 'DELVEROSA DIKO CRYSAN AZAHRA', 'K23', 'P', 'Y'),
	('10636', 'DHEVANASA FALAKH ADNAN', 'K23', 'L', 'Y'),
	('10637', 'DIANA SITI NUR LATIFAH', 'K28', 'P', 'Y'),
	('10638', 'DZAKI MUNIF HAZIM MUHTADIN', 'K23', 'L', 'Y'),
	('10639', 'FAATHIMAH AZZAHRAH', 'K23', 'P', 'Y'),
	('10640', 'FAIZA ATHAYA WAHYU PUTRI', 'K23', 'P', 'Y'),
	('10641', 'GIVA INTAN FAJARIAH', 'K23', 'P', 'Y'),
	('10642', 'HANIFAH QURRATUL AINI', 'K23', 'P', 'Y'),
	('10643', 'IMA NUR RODIYAH', 'K23', 'P', 'Y'),
	('10644', 'KEISHYA RAFFAELITA NURRIDWAN', 'K23', 'P', 'Y'),
	('10645', 'LATIFAH ZAHRATUL JANNAH', 'K23', 'P', 'Y'),
	('10646', 'MAULINA NGALIMATUL GHONIYA', 'K23', 'P', 'Y'),
	('10647', 'MIFTA AULIA RAHMA PUTRI', 'K23', 'P', 'Y'),
	('10648', 'MUHAMAD AHLAN RIFAI', 'K23', 'L', 'Y'),
	('10649', 'MUHAMAD FAJAR AZIS AS ZAKHSAN', 'K23', 'L', 'Y'),
	('10650', 'MUHAMMAD AHNAF RAYHAN DIFA', 'K23', 'L', 'Y'),
	('10651', 'NANDA OECIC ANGGRAINI', 'K23', 'P', 'Y'),
	('10652', 'NAUFAL SULTHAN INDRA PERMANA', 'K23', 'L', 'Y'),
	('10653', 'NURUL MASYTOH', 'K23', 'P', 'Y'),
	('10654', 'RAFLY ISMAIL AL-FARUQIE', 'K23', 'L', 'Y'),
	('10655', 'RISA NUR AZIZAH ', 'K23', 'P', 'Y'),
	('10656', 'SHABRINA FASA AZIFAH', 'K23', 'P', 'Y'),
	('10657', 'VELVETA AISHA JAYENDRADEWI KUNCORO', 'K23', 'P', 'Y'),
	('10658', 'YAHFAZHKA IZZAH SALSABILA', 'K23', 'P', 'Y'),
	('10659', 'ZIYA BAHJATULLOH ELHAQ', 'K23', 'L', 'Y'),
	('10660', 'AJRINA SIFA AZZAHRA', 'K24', 'P', 'Y'),
	('10661', 'AQIL HAIDAR RABBANI', 'K24', 'L', 'Y'),
	('10662', 'AQILA AZKA AULIA', 'K24', 'P', 'Y'),
	('10663', 'ARDINA VIDYA SURYANINGTYAS', 'K24', 'P', 'Y'),
	('10664', 'ARISTA ANINDYA RAMADHANI', 'K24', 'P', 'Y'),
	('10665', 'AYQINA MAFAZANIA', 'K24', 'P', 'Y'),
	('10666', 'BAYU DIRGANTARA', 'K24', 'L', 'Y'),
	('10667', 'CAHAYA NUGRAHA', 'K24', 'L', 'Y'),
	('10668', 'DHIFA MARFUAH', 'K24', 'P', 'Y'),
	('10669', 'FAIZ FATHURRAHMAN', 'K24', 'L', 'Y'),
	('10670', 'FATKHU NUR FAJHER', 'K24', 'L', 'Y'),
	('10671', 'FERRISKA ADE ERVINA', 'K24', 'P', 'Y'),
	('10672', 'FURQON IRSYAD IZZUDDIN', 'K24', 'L', 'Y'),
	('10673', 'GALIH ARDHANA PUTRA', 'K24', 'L', 'Y'),
	('10674', 'IFFAH INTAN KUSUMAWARDANI', 'K24', 'P', 'Y'),
	('10675', 'ILHAM MOHAMMAD GANDHI', 'K24', 'L', 'Y'),
	('10676', 'JIHAAN NUHAA HANNIIFAH', 'K24', 'P', 'Y'),
	('10677', 'KHAIRINA FADHILLAH ALMAJIDA', 'K24', 'P', 'Y'),
	('10678', 'KURNIAWAN DIO AUNURROHMAN', 'K24', 'L', 'Y'),
	('10680', 'LINTANG KINANTHI HAYUNINGTYAS', 'K24', 'P', 'Y'),
	('10681', 'MAHSA NAQYA FIRDAUS', 'K24', 'L', 'Y'),
	('10682', 'MAULANA WAHYU ARIFIN', 'K24', 'L', 'Y'),
	('10683', 'MUHAMMAD IMAM BAIHAQI', 'K24', 'L', 'Y'),
	('10684', 'MUHAMMAD NELWYN IZZADINE', 'K24', 'L', 'Y'),
	('10685', 'MUHAMMAD ZAKKY HARRIANSYAH', 'K24', 'L', 'Y'),
	('10686', 'NABILAH PARAMESTI HASANA', 'K24', 'P', 'Y'),
	('10687', 'NANING TRI BUDI UTAMI', 'K24', 'P', 'Y'),
	('10688', 'NISRINA IRBACH MUTHIA', 'K24', 'P', 'Y'),
	('10689', 'NURAINI APRILIA SURBAKTI', 'K24', 'P', 'Y'),
	('10690', 'RAYYA FAIZ RABBANI', 'K24', 'L', 'Y'),
	('10691', 'RIDWAN MAULANA RANTISI', 'K24', 'L', 'Y'),
	('10692', 'ROMA AJI SETIAWAN', 'K24', 'L', 'Y'),
	('10693', 'SULTAN MALIKUL SHOLEH', 'K24', 'L', 'Y'),
	('10694', 'SYARIFATUN NISA', 'K24', 'P', 'Y'),
	('10695', 'TAZKIA ARDHANI ROSENDRIYA', 'K24', 'P', 'Y'),
	('10697', 'ZAHRA ROSA JUNIAR', 'K24', 'P', 'Y'),
	('10698', 'ABRISAM AHMAD RIZKIANSYAH ARIYANTO', 'K25', 'L', 'Y'),
	('10699', 'AQILA NAILATU NISWAH', 'K25', 'P', 'Y'),
	('10700', 'ARIQ ZAIDAN', 'K25', 'L', 'Y'),
	('10701', 'BALQIS LULU ISYRAQ FAIHA USMAN', 'K25', 'P', 'Y'),
	('10702', 'BRILLIANT AZIZ ANANTA', 'K25', 'L', 'Y'),
	('10703', 'CALISTA AMALIA MAHARANI', 'K25', 'P', 'Y'),
	('10704', 'CANDIK AYU MAHARANI', 'K25', 'P', 'Y'),
	('10705', 'ERVINA ADI GRAHITA WAHYUDI', 'K25', 'P', 'Y'),
	('10706', 'FACHRI ALI MUKTI', 'K25', 'L', 'Y'),
	('10707', 'FADHILAH SALSA BILLAH', 'K25', 'P', 'Y'),
	('10708', 'FARHAN SANASTRA AMBI SUKOCO', 'K25', 'L', 'Y'),
	('10709', 'FELITA KIRANA WARJANEGARA', 'K25', 'P', 'Y'),
	('10710', 'HARJUNO SATRIO OETOMO', 'K25', 'L', 'Y'),
	('10711', 'ISRAF RAHIL AMANY FIRDAUS', 'K25', 'L', 'Y'),
	('10712', 'KHAIRUNNISA ZAHRA ANDIKAPUTRI', 'K25', 'P', 'Y'),
	('10713', 'KHAYLA PARAMANANDIVA WIRAWAN', 'K25', 'P', 'Y'),
	('10714', 'MARSYA MARDIASTA', 'K25', 'P', 'Y'),
	('10715', 'MUHAMMAD AFISINA ALFATH', 'K25', 'L', 'Y'),
	('10716', 'MUHAMMAD ARJEN FIKRI AMAR', 'K25', 'L', 'Y'),
	('10717', 'MUHAMMAD DAFFA MUHAIMIN', 'K25', 'L', 'Y'),
	('10718', 'MUHAMMAD SULTAN TANZES REZNA M', 'K25', 'L', 'Y'),
	('10719', 'NAILA ZUFLIHKA QUTRANADA', 'K25', 'P', 'Y'),
	('10720', 'NAJWA NABILAHASNA WINAYA SAPUTRI', 'K25', 'P', 'Y'),
	('10721', 'NAUFAL ATTARIQ ZIDANE PRADANA', 'K25', 'L', 'Y'),
	('10722', 'NAZWA HIJRANI REYSA', 'K25', 'P', 'Y'),
	('10723', 'NURRIA ISTIQOMAH', 'K25', 'P', 'Y'),
	('10724', 'RASYA GALUH DEWANTI', 'K25', 'P', 'Y'),
	('10725', 'RATNA YUANITA PUTRI', 'K25', 'P', 'Y'),
	('10726', 'RENGGA DIMAS PRAMUDITYA', 'K25', 'L', 'Y'),
	('10727', 'RISMA TANZILLA', 'K25', 'P', 'Y'),
	('10728', 'ROSITA SABRINA FILSAH', 'K25', 'P', 'Y'),
	('10729', 'SULTAN AKBAR ALBANNA', 'K25', 'L', 'Y'),
	('10730', 'SYAHIDAH FATHUL ISLAM ', 'K25', 'P', 'Y'),
	('10732', 'SYIFA SYAUQIYAH', 'K25', 'P', 'Y'),
	('10733', 'TASYA NUR FADILAH', 'K25', 'P', 'Y'),
	('10734', 'YASMIN SYADA', 'K25', 'P', 'Y'),
	('10735', 'ZULFIKAR MARIE MUHAMMAD', 'K25', 'L', 'Y'),
	('10736', 'AISYAH AULYIA RAHMA', 'K26', 'P', 'Y'),
	('10737', 'ALYA PUTRI SALSABILA', 'K26', 'P', 'Y'),
	('10738', 'ANNISA QURRATA AYUN', 'K26', 'P', 'Y'),
	('10739', 'APRIANI ANISA FITRI SOLIKHAH', 'K26', 'P', 'Y'),
	('10740', 'ARARIA PUTRI SYAHARANI', 'K26', 'P', 'Y'),
	('10741', 'ATAYA FATIKHA RAHMA', 'K26', 'P', 'Y'),
	('10742', 'DIVA RAHMAWATI', 'K26', 'P', 'Y'),
	('10743', 'FAHLEVI BOBBY ARMYNDO', 'K26', 'L', 'Y'),
	('10744', 'HANINDIRA ANDHIKA RASENDRITA', 'K26', 'P', 'Y'),
	('10745', 'HASKA RAMADHAN AZZA WICAKSANA', 'K26', 'L', 'Y'),
	('10746', 'HAZNA AZ-ZAHRA', 'K26', 'P', 'Y'),
	('10747', 'IMAMUDDIN AL-HAQ', 'K26', 'L', 'Y'),
	('10748', 'ISYANA FAISHA ADANI', 'K26', 'P', 'Y'),
	('10749', 'IVANA FEBRIN ARINDRA', 'K26', 'P', 'Y'),
	('10750', 'JIHAN AZZAH MEYLANI', 'K26', 'P', 'Y'),
	('10751', 'MARATUS SHALIHAH', 'K26', 'P', 'Y'),
	('10752', 'MUHAMMAD SYAROF HIDAYATULLAH', 'K26', 'L', 'Y'),
	('10753', 'MUHAMMAD ARFAN', 'K26', 'L', 'Y'),
	('10754', 'MUHAMMAD ARSYA ARDANA HUSSEN', 'K26', 'L', 'Y'),
	('10755', 'MUHAMMAD AUFFARRASI AZKA JIBRAN', 'K26', 'L', 'Y'),
	('10756', 'MUHAMMAD ADZKIA ADI SYAHPUTRA', 'K26', 'L', 'Y'),
	('10757', 'MUHAMMAD HAFIDZ FADHLURRAHMAN', 'K26', 'L', 'Y'),
	('10758', 'MUHAMMAD HANIF BIRRUL WALIDAIN', 'K26', 'L', 'Y'),
	('10759', 'MUHAMMAD SHOLIHUL FAJRI', 'K26', 'L', 'Y'),
	('10760', 'MUHAMMAD VICKY ALFARIZY', 'K26', 'L', 'Y'),
	('10761', 'NAIFA ZUFLIHKA ARTAMITA', 'K26', 'P', 'Y'),
	('10762', 'NASYA FALAQYA AZZAHRA', 'K26', 'P', 'Y'),
	('10763', 'NUR WAHID AMIRUL FARROSI', 'K26', 'L', 'Y'),
	('10764', 'ORYZA SATIVA ZAHRO', 'K26', 'P', 'Y'),
	('10765', 'QURROTA AYUNI FAHRUNNISA', 'K26', 'P', 'Y'),
	('10766', 'RAHMATYA AZZAHRA KHAIRINA', 'K26', 'P', 'Y'),
	('10767', 'RAIHANAH KAZHIMATUL ATHIFAH', 'K26', 'P', 'Y'),
	('10768', 'RENDY NAUFAL TRI ANGGA', 'K26', 'L', 'Y'),
	('10769', 'RIDHO SYARIF FAKHRI', 'K26', 'L', 'Y'),
	('10770', 'RIZKI IKROM FAKHRI', 'K26', 'L', 'Y'),
	('10771', 'SEPTIANA NUR SASMITA', 'K26', 'P', 'Y'),
	('10772', 'SHAFIRA RAHMA RABBANI', 'K26', 'P', 'Y'),
	('10773', 'ZAHRA TORI PUTRI', 'K26', 'P', 'Y'),
	('10774', 'ABBAAD AL KHALIL ', 'K18', 'L', 'Y'),
	('10775', 'ADINDA KHUMAIRO IRNANDIANIS IFFADA', 'K18', 'P', 'Y'),
	('10776', 'AIDEA FIRDA PELU', 'K18', 'P', 'Y'),
	('10777', 'ANINDYA ATHA MOERBANDONO', 'K18', 'P', 'Y'),
	('10778', 'ANNISA AMARANY NURRAHMANINGTYAS', 'K18', 'P', 'Y'),
	('10779', 'AULIA NOFA PUTRI ZULAIKHA', 'K18', 'P', 'Y'),
	('10780', 'AULIA NUR AZIZAH', 'K18', 'P', 'Y'),
	('10781', 'AVRILADYA AYU DIWANDARI', 'K18', 'P', 'Y'),
	('10782', 'FADYA ALAM ASSHIDIQ', 'K18', 'P', 'Y'),
	('10783', 'FIRYAL HASNA HAFIZAH', 'K18', 'P', 'Y'),
	('10784', 'HANA HAFIZHAH', 'K18', 'P', 'Y'),
	('10785', 'HANNA TSABITA', 'K18', 'P', 'Y'),
	('10786', 'JADZIL HANAN NABAWI', 'K18', 'L', 'Y'),
	('10787', 'KAHLA FELICIA AZ ZALFA', 'K18', 'P', 'Y'),
	('10788', 'LU`BAH AL `AINI', 'K18', 'P', 'Y'),
	('10789', 'LUTHFI GHOSSAN DINARTA', 'K18', 'L', 'Y'),
	('10790', 'MUALIM IBNU SHOLEH', 'K18', 'L', 'Y'),
	('10791', 'MUHAMMAD HAIDAR MASHUDI', 'K18', 'L', 'Y'),
	('10792', 'NAILA JIHAN PUTRI PRAMUDITA', 'K18', 'P', 'Y'),
	('10793', 'NAOMIRA AULIN AFNAN FAIZA', 'K18', 'P', 'Y'),
	('10794', 'NISRINA KHALISHA SALSABILA', 'K18', 'P', 'Y'),
	('10795', 'RAYHAN ARVA PRADIPA', 'K18', 'L', 'Y'),
	('10796', 'RIFALDO DAVIN MURTAJA', 'K18', 'L', 'Y'),
	('10797', 'SALSABILA KHOIRUN NISA', 'K18', 'P', 'Y'),
	('10798', 'ABDUL AZIS MUHAMMAD ILHAM', 'K22', 'L', 'Y'),
	('10799', 'ANNAASTASYA SYIFA NURSHIAMI', 'K19', 'P', 'Y'),
	('10800', 'ARIFA IKHWANA SABRIANISA', 'K19', 'P', 'Y'),
	('10801', 'FADHILAH RAHMADHANI', 'K19', 'P', 'Y'),
	('10802', 'FAICHA ADILLA MACHRUS', 'K19', 'P', 'Y'),
	('10803', 'FATHUL FAJAR NUR IKHSAN', 'K19', 'L', 'Y'),
	('10804', 'FAYOLA KHANSA SYIFA WIBOWO', 'K19', 'P', 'Y'),
	('10805', 'FRIDA AKMALIA SETYA MAJID', 'K19', 'P', 'Y'),
	('10806', 'HABIB PRANADITYA NUR AVIANTO', 'K19', 'L', 'Y'),
	('10807', 'MOCHAMAD RAFFLY FACHREZI', 'K19', 'L', 'Y'),
	('10808', 'MUHAMMAD RAKA HARIYANTO', 'K19', 'L', 'Y'),
	('10809', 'MUHAMMAD YUSUF SAPUTRA', 'K19', 'L', 'Y'),
	('10810', 'MUHAMMAD ZIDANE RAZIQ AL-ABROR', 'K19', 'L', 'Y'),
	('10811', 'NABILA AMALINA MUA`MMAR', 'K19', 'P', 'Y'),
	('10812', 'NADIA AUREL SALSABILLA', 'K19', 'P', 'Y'),
	('10813', 'NAURA TAQIA FADHILAH', 'K19', 'P', 'Y'),
	('10814', 'NUR FATIMAH PUTRI ROOSMAYANTI', 'K19', 'P', 'Y'),
	('10815', 'RAFI` ABDILLAH ASYKAR', 'K19', 'L', 'Y'),
	('10816', 'SALMA AULIA SALSABILLA', 'K19', 'P', 'Y'),
	('10817', 'SALVIA NASYWA AISHA', 'K19', 'P', 'Y'),
	('10818', 'SYAFIRA AZKA RAMADHANI', 'K19', 'P', 'Y'),
	('10819', 'SYAHJIHAN RAMADHANI', 'K19', 'P', 'Y'),
	('10820', 'YASMIN NABILA AZIZATUNNISA', 'K19', 'P', 'Y'),
	('10821', 'ZULFA AULADIA RAHMA', 'K19', 'P', 'Y'),
	('10822', 'ABQORY KURNIA MAKATA', 'K20', 'L', 'Y'),
	('10823', 'AFIFAH FADHO`IL `ALIMAH', 'K20', 'P', 'Y'),
	('10824', 'ALYA ALZENIA LEVANA', 'K20', 'P', 'Y'),
	('10825', 'ANDHARA FADHIYA BUNGA NIRWANA', 'K20', 'P', 'Y'),
	('10826', 'ANINDYA KALYCA NISMARA', 'K20', 'P', 'Y'),
	('10827', 'ANNORA ANUBHAWA DYAH GANTARI', 'K20', 'P', 'Y'),
	('10828', 'ARIANA SHINTA WIJAYANTI', 'K20', 'P', 'Y'),
	('10829', 'AYASOFYA AZZAHRA ISMAIL', 'K20', 'P', 'Y'),
	('10830', 'AZ ZAHRA GHAITSANI NABILA', 'K20', 'P', 'Y'),
	('10831', 'BENINGNYA NURANI SIWI', 'K20', 'P', 'Y'),
	('10832', 'DARVESH ROFIQ ROIS', 'K20', 'L', 'Y'),
	('10833', 'DEEBA DAHAYU PRABANTARI', 'K20', 'P', 'Y'),
	('10834', 'FA`IQ MUHAMMAD FARRAS FADHLURRAHMAN', 'K20', 'L', 'Y'),
	('10835', 'ISMAIL NAAZHIM AKBAR MUHAMMAD', 'K20', 'L', 'Y'),
	('10836', 'KARUNIA KASIH', 'K20', 'P', 'Y'),
	('10837', 'KEIZZA DEWANDRI', 'K20', 'P', 'Y'),
	('10838', 'MUHAMMAD NAUFAL INDRA CAHYADI', 'K20', 'L', 'Y'),
	('10839', 'MUHAMMAD SHODIQ FATHUR RIZKY', 'K20', 'L', 'Y'),
	('10840', 'MUKHAMMAD LUTHFIYLLAH HIDAYAT', 'K20', 'L', 'Y'),
	('10841', 'NAILA NUGRAHA NURAINISA MUMTAZ', 'K20', 'P', 'Y'),
	('10842', 'RUNA ALYA LARASATI', 'K20', 'P', 'Y'),
	('10843', 'SHALIKA PUTRI MADANIA', 'K20', 'P', 'Y'),
	('10844', 'SYAIKHASRIL MAULANA FIRDAUS', 'K20', 'L', 'Y'),
	('10845', 'TSANIA NURUL IZZAH', 'K20', 'P', 'Y'),
	('10846', 'AGHNA MAULIDA', 'K21', 'P', 'Y'),
	('10847', 'ALPINA HANIFA SALSABILA', 'K21', 'P', 'Y'),
	('10848', 'ANNISA NUR IZZATI', 'K21', 'P', 'Y'),
	('10849', 'AULIA DIANDRA PUTRI', 'K21', 'P', 'Y'),
	('10850', 'CHAIRIYAH NIDA AMANY', 'K21', 'P', 'Y'),
	('10851', 'CHUSNA MAULIDA ZAHRATUL HAYYA', 'K21', 'P', 'Y'),
	('10852', 'DIAN AYU HANIFAH', 'K21', 'P', 'Y'),
	('10853', 'DZAKWAN RAFIF KHAIRULLAH', 'K21', 'L', 'Y'),
	('10854', 'DZULFIQAR IZZUDDIN AL WAFIQ', 'K21', 'L', 'Y'),
	('10855', 'FARISCA VARRA TSABILLA', 'K21', 'P', 'Y'),
	('10856', 'FATTAH WILDAN SAMUDRA', 'K21', 'L', 'Y'),
	('10857', 'ILHAM GHOZALI', 'K21', 'L', 'Y'),
	('10858', 'KHANSA CALLISTA RAMADHANI', 'K21', 'P', 'Y'),
	('10859', 'MIRZA DRIASATRIA', 'K21', 'L', 'Y'),
	('10860', 'MUHAMAD ZIDAN DICKY NASUHA', 'K21', 'L', 'Y'),
	('10861', 'NABILA DWI YUNITASARI', 'K21', 'P', 'Y'),
	('10862', 'NABILA YAUMA AZAHRA', 'K21', 'P', 'Y'),
	('10863', 'NAYLA AMALIA PUTRI', 'K21', 'P', 'Y'),
	('10864', 'NAYLA SARAS FAHIRA', 'K21', 'P', 'Y'),
	('10865', 'RAKHA `AFFAN SAPTYADI', 'K21', 'L', 'Y'),
	('10866', 'RASYA AULIA AZZAHRA', 'K21', 'P', 'Y'),
	('10867', 'SYIFA KURNIA ALFIANA', 'K21', 'P', 'Y'),
	('10868', 'TSALISA SYAHRIYATUL MUBAROKAH', 'K21', 'P', 'Y'),
	('10869', 'ZIDNA ILMAN NAFIA', 'K21', 'L', 'Y'),
	('10870', 'ABDULLAH HISYAM MUBAROK', 'K16', 'L', 'Y'),
	('10871', 'AISYAH ANAS SYUJA', 'K16', 'P', 'Y'),
	('10872', 'AMANDA NOVITA SAFITRI', 'K16', 'P', 'Y'),
	('10873', 'AQILA MAYLAFAIZA ANNISA`I', 'K16', 'P', 'Y'),
	('10874', 'AULIA SALSABILA', 'K16', 'P', 'Y'),
	('10875', 'AZIZA AULIA NOVIYANTI', 'K16', 'P', 'Y'),
	('10876', 'AZZAH YUMNA NADIVA WIBOWO', 'K16', 'P', 'Y'),
	('10877', 'BERLIANNA PUTRI ARBIYANTO', 'K16', 'P', 'Y'),
	('10878', 'DINARYU MUSTIKA PUTRI MAHARANI', 'K16', 'P', 'Y'),
	('10879', 'FABIAN RAKA PUTRA ANDRINAWAN', 'K16', 'L', 'Y'),
	('10880', 'FATATA AIZA ROSYADA', 'K19', 'P', 'Y'),
	('10881', 'FITRIA  LUTHFIANA', 'K16', 'P', 'Y'),
	('10882', 'INDRATAMA FATURROHIM', 'K16', 'L', 'Y'),
	('10883', 'MUFID NI`AM MURTADHO', 'K16', 'L', 'Y'),
	('10884', 'MUHAMMAD AKHDAN FATHURRAHMAN', 'K16', 'L', 'Y'),
	('10885', 'MUHAMMAD SYAUQI AL KAISAR', 'K16', 'L', 'Y'),
	('10886', 'MUHAMMAD ZAQI BAGASKARA FADH', 'K16', 'L', 'Y'),
	('10887', 'NABILA NUR KHOIRIYAH', 'K16', 'P', 'Y'),
	('10888', 'NAHDA HANIFA FIRDAUSI', 'K16', 'P', 'Y'),
	('10889', 'NAJWA DADI ACHLA FADEELA', 'K16', 'P', 'Y'),
	('10890', 'NAUFAL ATHALARIZQ ALDINO ABAN', 'K16', 'L', 'Y'),
	('10891', 'NAYLA AMANY', 'K16', 'P', 'Y'),
	('10892', 'NAYLA ARTIKA DEWI', 'K16', 'P', 'Y'),
	('10893', 'NISRINA DEWI CAHYANINGTYAS', 'K16', 'P', 'Y'),
	('10894', 'NOOR ALMAS ZERLYNA SUNARMO', 'K16', 'P', 'Y'),
	('10895', 'RAHMA HASNA LISTIYANI', 'K16', 'P', 'Y'),
	('10896', 'SAFIAN ANGGIRWANTO', 'K16', 'L', 'Y'),
	('10897', 'SALSABILA FAIDA HASYA', 'K16', 'P', 'Y'),
	('10898', 'SULAIMAN ARRASYID', 'K16', 'L', 'Y'),
	('10899', 'TALITHA NABILA RISQULLA', 'K16', 'P', 'Y'),
	('10900', 'AFRINA ALZIA HAFITA', 'K17', 'P', 'Y'),
	('10901', 'AHMAD SYAUQY AQILA ABADI', 'K17', 'L', 'Y'),
	('10902', 'ALIFINA ARTASYAH', 'K17', 'P', 'Y'),
	('10903', 'ALMAS TSURAYYA AZZAHRANI', 'K17', 'P', 'Y'),
	('10904', 'ALYA INDAH SASMITA', 'K17', 'P', 'Y'),
	('10905', 'ANDHIKA RIAN WIRA', 'K17', 'L', 'Y'),
	('10906', 'ANDIN JIHAN NAIFAA KRISNIAWAN', 'K17', 'P', 'Y'),
	('10907', 'AULIA` INTAN AZ ZAHRA', 'K17', 'P', 'Y'),
	('10908', 'DAFFA AULIA RACHMAN', 'K17', 'L', 'Y'),
	('10910', 'FADEL MAWLA GIBRAN', 'K17', 'L', 'Y'),
	('10911', 'FATHIR KUSUMA AGUNG WINNARA', 'K17', 'L', 'Y'),
	('10912', 'GHEFIRA WISYCA FATMATUZZAHRA', 'K17', 'P', 'Y'),
	('10913', 'JOVINA ANGGITA NURBAITY', 'K17', 'P', 'Y'),
	('10914', 'KAUTSAR AFNAN NURINDRA', 'K17', 'P', 'Y'),
	('10915', 'KHAYLA AMANDA CAHYAFATIKHA', 'K17', 'P', 'Y'),
	('10916', 'KLARA AMOZITA HESDITIANA', 'K17', 'P', 'Y'),
	('10917', 'LATIFA PRADITYA ISNA NOOR ASMARA', 'K17', 'P', 'Y'),
	('10918', 'MEILANY NUR WAHIDAH', 'K17', 'P', 'Y'),
	('10919', 'MUHAMMAD HADANA HAQ', 'K17', 'L', 'Y'),
	('10920', 'MUHAMMAD RIZQI AL BAIHAQI', 'K17', 'L', 'Y'),
	('10921', 'MUHAMMAD YUSUF NUR FADILAH', 'K17', 'L', 'Y'),
	('10922', 'NAJWA ARYA KHOIRUNISA', 'K17', 'P', 'Y'),
	('10923', 'NAURA YUMNA DHAU`', 'K17', 'P', 'Y'),
	('10924', 'NOVIA NUR AULIA KURNIPUTRI', 'K17', 'P', 'Y'),
	('10925', 'NUR AANISA ZALFA', 'K17', 'P', 'Y'),
	('10926', 'PUTRI SEKARING TYAS', 'K17', 'P', 'Y'),
	('10927', 'RAKHESA KAINDRA NUGRAHA', 'K17', 'L', 'Y'),
	('10928', 'VIETIARA WARDANA', 'K17', 'P', 'Y'),
	('10929', 'WIJDAN PERMANA AJI', 'K17', 'L', 'Y'),
	('10930', 'ADINDA FUADILLA AL HUMAIRA', 'K18', 'P', 'Y'),
	('10931', 'ALIEF AL-LABIIB CHAYLENDRA', 'K18', 'L', 'Y'),
	('10932', 'ATHAYA DEA KHOIRUNNISA', 'K18', 'P', 'Y'),
	('10933', 'AZWAR ZAIDAN ALIEF', 'K18', 'L', 'Y'),
	('10934', 'CHELSEA AYUDYA RASTIANA', 'K18', 'P', 'Y'),
	('10935', 'ELFONDA PUTRA SETIANTO', 'K18', 'L', 'Y'),
	('10936', 'FARISQI LUTHFIZA', 'K18', 'L', 'Y'),
	('10937', 'GALUH DWI HAPSARI', 'K18', 'P', 'Y'),
	('10938', 'GHAISANI PUTRI NUR ISBANI', 'K18', 'P', 'Y'),
	('10939', 'HADRIANSYAH AUFA RAFIQI', 'K18', 'L', 'Y'),
	('10940', 'HANBAL ABDAN SYUKRI', 'K18', 'L', 'Y'),
	('10941', 'HEMA PRIATAMA ANTONI PUTRA', 'K18', 'P', 'Y'),
	('10942', 'LAAM ATSILAH ZAHRA', 'K18', 'P', 'Y'),
	('10943', 'LUNA ALIYA PUTRI MAHADEWI', 'K18', 'P', 'Y'),
	('10944', 'MUHAMMAD KHOIRUL IRFAN', 'K18', 'L', 'Y'),
	('10945', 'NAFISA NAILAL HUSNA AL AN SHORI', 'K18', 'P', 'Y'),
	('10946', 'NAYLATUZZAHRA NAFISATUL ULYA', 'K18', 'P', 'Y'),
	('10947', 'NAZHIRA PRANA INDRASWARI', 'K18', 'P', 'Y'),
	('10948', 'NINA NAZHIFA ZAKIA', 'K18', 'P', 'Y'),
	('10949', 'NISRINA LUBNA AZIZAH NUGROHO', 'K18', 'P', 'Y'),
	('10950', 'RAIHAN MAJID', 'K18', 'L', 'Y'),
	('10951', 'RASSIYAH INTANIA SUKARDI', 'K18', 'P', 'Y'),
	('10952', 'REVARINDRA PUTRI FEBRYANI', 'K18', 'P', 'Y'),
	('10953', 'RIDHO RIFQIANSYAH PUTRANTO', 'K18', 'L', 'Y'),
	('10954', 'RODIYATUS SAKDIYAH PUTRI', 'K18', 'P', 'Y'),
	('10955', 'VICKY DARMAWAN', 'K18', 'L', 'Y'),
	('10956', 'YASMIN RIYANTIKA', 'K18', 'P', 'Y'),
	('10957', 'ZAHRA FILLAHI MUNAYA', 'K18', 'P', 'Y'),
	('10958', 'ZAHWA ANZHELLA PASYA', 'K18', 'P', 'Y'),
	('10959', 'ZEDALOKA SYAHDAFI WIDI', 'K18', 'P', 'Y'),
	('10960', 'ABDULLAH HASAN SYIHAB', 'K22', 'L', 'Y'),
	('10961', 'ADLEYNA APRILIA FAIRUS', 'K22', 'P', 'Y'),
	('10962', 'ALIAKBAR YUDIANTORO', 'K22', 'L', 'Y'),
	('10963', 'ALMIRACISKA NURHAFIIZHA', 'K22', 'P', 'Y'),
	('10964', 'FATHI AULIA HAFIDZ ABDILLAH', 'K22', 'L', 'Y'),
	('10965', 'FAUZIAH ALIFA HIDAYAT', 'K22', 'P', 'Y'),
	('10966', 'GHINA SHABRINA ZAHARA', 'K22', 'P', 'Y'),
	('10967', 'HILMI IZZA FATURRAHMAN', 'K22', 'L', 'Y'),
	('10968', 'ILHAM FAUZI AKBAR', 'K22', 'L', 'Y'),
	('10969', 'INDRA YUDISTIRA SAFARI', 'K22', 'L', 'Y'),
	('10970', 'MUAMMAR DAFFA MURSYID ATSARI', 'K22', 'L', 'Y'),
	('10971', 'MUHAMMAD AMIRUL ZULFIKAR', 'K22', 'L', 'Y'),
	('10972', 'MUHAMMAD FAHMI MUQSITH', 'K22', 'L', 'Y'),
	('10973', 'MUHAMMAD NAUFAL ROMI ANNAFI', 'K22', 'L', 'Y'),
	('10974', 'NAFI`AH INDRIATI', 'K22', 'P', 'Y'),
	('10975', 'NATASYA NOOR FAREICHA', 'K22', 'P', 'Y'),
	('10976', 'NAYANTAKA FATECHA PRASETYO', 'K22', 'L', 'Y'),
	('10977', 'NURSILA LAILA SAKTIANA RACHMA', 'K22', 'P', 'Y'),
	('10978', 'RAHARSTYA LUTHFIYYAH DANASTRI', 'K22', 'P', 'Y'),
	('10979', 'RANA WIN FADHILAH', 'K22', 'P', 'Y'),
	('10981', 'TAZKIYA AZ-ZAHRA', 'K22', 'P', 'Y'),
	('10982', 'UMARA QURRATU`AIN SAFFANAH', 'K22', 'P', 'Y'),
	('10984', 'AISYA LAIFITRI NUR FATIMA', 'K12', 'P', 'Y'),
	('10985', 'AISYAH NUR HASANAH', 'K12', 'P', 'Y'),
	('10986', 'AMRU DZAKY RAMADHAN', 'K12', 'L', 'Y'),
	('10987', 'BILAL ABDAN SOBRI', 'K12', 'L', 'Y'),
	('10988', 'BRILLIANT CALISTA NATALIA PUTRI', 'K12', 'P', 'Y'),
	('10989', 'CAHYA AULIA FATWA PURI', 'K12', 'P', 'Y'),
	('10990', 'DAFFA SATRIA NUGRAHA', 'K12', 'L', 'Y'),
	('10991', 'DZAKY NAUFAL SYARIF', 'K12', 'L', 'Y'),
	('10992', 'FAIZ AKMAL GANI', 'K12', 'L', 'Y'),
	('10993', 'FARA NADILA AULIA IFAZAH', 'K12', 'P', 'Y'),
	('10994', 'FATHURRAHMAN RIZKI WIJAYA', 'K12', 'L', 'Y'),
	('10995', 'GHINATA FADILLA YAZIDAZAIN', 'K12', 'P', 'Y'),
	('10996', 'IQBAL SYAHDAN ARRI AL BANNA', 'K12', 'L', 'Y'),
	('10997', 'ISABELA ANANDITA BETANINDYA', 'K12', 'P', 'Y'),
	('10998', 'JEMBAR NDARUMUKTI', 'K12', 'L', 'Y'),
	('10999', 'LIA KHOIRUNNISA', 'K12', 'P', 'Y'),
	('11000', 'MALIKA LATHIFA AZ ZAHRA', 'K12', 'P', 'Y'),
	('11001', 'MARYAM ROFI MAHARANI', 'K12', 'L', 'Y'),
	('11002', 'MAULANA AHMAD FADHIL', 'K12', 'L', 'Y'),
	('11003', 'MUHAMMAD  RAFI AKBAR PRATAMA', 'K12', 'L', 'Y'),
	('11004', 'MUHAMMAD DAFFA HAFIDH HABIBI', 'K12', 'L', 'Y'),
	('11005', 'MUHAMMAD IRFAN MAULANA', 'K12', 'L', 'Y'),
	('11006', 'MUHAMMAD NAUFAL INDRA CAHYADI', 'K12', 'L', 'Y'),
	('11007', 'MUKHLIS ROMDONI', 'K12', 'L', 'Y'),
	('11008', 'NABIL ZAKY ARDIYANSYAH', 'K12', 'L', 'Y'),
	('11009', 'NAJWA AISYAH AR ROSYIDA', 'K12', 'P', 'Y'),
	('11010', 'QONITA ZAM FIRDAUS', 'K12', 'P', 'Y'),
	('11011', 'RAHMA FITRI ANNISA', 'K12', 'P', 'Y'),
	('11012', 'SALMAN MAGHFIRA IFFAT', 'K12', 'L', 'Y'),
	('11013', 'SALSABILA AZZAHRO', 'K12', 'P', 'Y'),
	('11014', 'TERA AZIRA ISTIQOMAH', 'K12', 'P', 'Y'),
	('11015', 'TIA RAMADHANI', 'K12', 'P', 'Y'),
	('11016', 'AKBAR BIMO DWI SAPUTRO', 'K13', 'L', 'Y'),
	('11017', 'AMALIA SOLECHAH', 'K13', 'P', 'Y'),
	('11018', 'ANNISA NUR WIDI ASTUTI', 'K13', 'P', 'Y'),
	('11019', 'AULIA ZAHRA FADILA', 'K13', 'P', 'Y'),
	('11020', 'ERZA MAULANA AUFAR', 'K13', 'L', 'Y'),
	('11021', 'FILDZAH GHAIZANI RAMADHANI YAHYA', 'K13', 'P', 'Y'),
	('11022', 'ILMA MAZIDA', 'K13', 'P', 'Y'),
	('11023', 'IQLIMA DHIA RAFANI NUGROHO', 'K13', 'P', 'Y'),
	('11024', 'IRSYAD SAKTIO AJI', 'K13', 'L', 'Y'),
	('11025', 'IRSYAD ZADAH MAULANA', 'K13', 'L', 'Y'),
	('11026', 'JOICE NAJWA SALSABILA', 'K13', 'P', 'Y'),
	('11027', 'LUTFIYAH ULIMA JAWWAD', 'K13', 'P', 'Y'),
	('11028', 'MUHAMMAD ANDRA GHOZALI', 'K13', 'L', 'Y'),
	('11029', 'MUHAMMAD DAFFA` AL KAUTSAR', 'K13', 'L', 'Y'),
	('11030', 'MUHAMMAD FATTAN ALFA RIZQI', 'K13', 'L', 'Y'),
	('11031', 'MUHAMMAD HAFIDZ RAHMAN NASUKHA', 'K13', 'L', 'Y'),
	('11032', 'MUHAMMAD NUR CHOLIS AL SYAHWAN', 'K13', 'L', 'Y'),
	('11033', 'MUHAMMAD ZAKI ADRI MUBAROK', 'K13', 'L', 'Y'),
	('11034', 'MUTIA AQILA AZZAHRA', 'K13', 'P', 'Y'),
	('11035', 'NABILA AZZAHRA PUTRI SUTRISNO', 'K13', 'P', 'Y'),
	('11036', 'NAEL BARA LAINA', 'K13', 'P', 'Y'),
	('11037', 'NASYWA FAISA NAILA', 'K13', 'P', 'Y'),
	('11038', 'NAUFAN RHAYNO IKHSANDA', 'K13', 'L', 'Y'),
	('11039', 'NAYLA PUTRI ARYANI', 'K13', 'P', 'Y'),
	('11040', 'NAYOTTAMA RAKA HATMAJA', 'K13', 'L', 'Y'),
	('11041', 'PRAMITA AYU WIDYAWATI', 'K13', 'P', 'Y'),
	('11042', 'RIVANDI MAGENTA LUCKY', 'K13', 'L', 'Y'),
	('11043', 'RIZKY NUR SAPUTRA', 'K13', 'L', 'Y'),
	('11044', 'SECTIO CAESAR MARWANTO', 'K13', 'L', 'Y'),
	('11045', 'SEPTIAN RISMA ARDHI WARDANA', 'K13', 'L', 'Y'),
	('11046', 'VELINO MALVIN SUGANDA', 'K13', 'L', 'Y'),
	('11047', 'WADHAA ZAKIYATUL MISKIYYAH', 'K13', 'P', 'Y'),
	('11048', 'ZASKIA AYU INAYAH', 'K13', 'P', 'Y'),
	('11049', 'ZUMAR ZAKI AKHMALUDIN', 'K13', 'L', 'Y'),
	('11050', 'AAN YUSUF HARYANTO', 'K14', 'L', 'Y'),
	('11051', 'ALDORA KEVIN DANENDRA', 'K14', 'L', 'Y'),
	('11052', 'ALIFIA NUR HANIFA', 'K14', 'P', 'Y'),
	('11053', 'CALYARETTA MEISKHA WANODYA', 'K14', 'P', 'Y'),
	('11054', 'ELLYSA ANGGRAINI', 'K14', 'P', 'Y'),
	('11055', 'FAKIH SUKMA ASSIDIQ', 'K14', 'L', 'Y'),
	('11056', 'FAUZAN  FADHLULLOH NABIL', 'K14', 'L', 'Y'),
	('11057', 'FIRDA RENCY BINTANG DAMAYANTI', 'K14', 'P', 'Y'),
	('11058', 'GAYUH AMBAR PAMBUDI', 'K14', 'P', 'Y'),
	('11059', 'HAFIYYAN DHI`A NURI', 'K14', 'P', 'Y'),
	('11060', 'INAYAH KHAIRIYAH GHOZALI', 'K14', 'P', 'Y'),
	('11061', 'ISNAINI FULLAH', 'K14', 'P', 'Y'),
	('11062', 'KALINKA AISA RAHMA DIVA', 'K14', 'P', 'Y'),
	('11063', 'KHALISA ZAHIRA NUR AINI', 'K14', 'P', 'Y'),
	('11064', 'LUTHFI FATKHUR ROHMAN', 'K14', 'L', 'Y'),
	('11065', 'MAUDY ALHUSNA WIYATMOKO', 'K14', 'P', 'Y'),
	('11066', 'MIFTAHUL JANNAH', 'K14', 'P', 'Y'),
	('11067', 'MIFTAQUL JANNAH', 'K14', 'P', 'Y'),
	('11068', 'NAJMA ALIFAH YASMIN', 'K14', 'P', 'Y'),
	('11069', 'NAJWA NABILA KOES CANTIKA', 'K14', 'P', 'Y'),
	('11070', 'NASYA FENA ELIZA', 'K14', 'P', 'Y'),
	('11071', 'NATHAN RASYA GANENDRA', 'K14', 'L', 'Y'),
	('11072', 'NUR ISMA FAUZIYYAH', 'K14', 'P', 'Y'),
	('11073', 'RADENTHA YANDI SATRIA', 'K14', 'L', 'Y'),
	('11074', 'RAFFAEL QIRAN', 'K14', 'L', 'Y'),
	('11075', 'RIDWAN MUSTHOFA', 'K14', 'L', 'Y'),
	('11076', 'ROKIBA FIRDAUS', 'K14', 'L', 'Y'),
	('11077', 'SAIFURROHMAN SYA`BANI', 'K14', 'L', 'Y'),
	('11078', 'SALWA ZAZA RAMADHANNI', 'K14', 'P', 'Y'),
	('11079', 'SYAFA FADHILA AULIA', 'K14', 'P', 'Y'),
	('11080', 'TIA NURFITRIANZA', 'K14', 'P', 'Y'),
	('11081', 'TIYAS EKA YULIANI', 'K14', 'P', 'Y'),
	('11082', 'YOGA SURYO PRABOWO', 'K14', 'L', 'Y'),
	('11083', 'ZAFIRA MUMTAZAH', 'K14', 'P', 'Y'),
	('11084', 'MUHAMMAD GIBRAN ALI HASBULLAH', 'K24', 'L', 'Y'),
	('11085', 'MUHAMMAD. JIHAD DZIKRULLAH', 'K25', 'L', 'Y'),
	('11086', 'ABDAN AHSANI', 'K22', 'L', 'Y'),
	('11087', 'WAFA SHEILA SALSABILA', 'K16', 'P', 'Y'),
	('11088', 'ARDIENA BINTANG SHEVARYANI', 'K07', 'P', 'Y'),
	('11089', 'AVIKA NAYYARA FAZILA', 'K07', 'P', 'Y'),
	('11090', 'AZKA NUR JAUHAR', 'K07', 'L', 'Y'),
	('11091', 'BILQIS SALSABILA', 'K07', 'P', 'Y'),
	('11092', 'CANTIKA NADA FADHILAH', 'K07', 'P', 'Y'),
	('11093', 'DZAKY MAULANA NUR HUDA', 'K07', 'L', 'Y'),
	('11094', 'EARLY NUHA KHALIETA', 'K07', 'P', 'Y'),
	('11095', 'FADHILAH NUR AZIZAH', 'K07', 'P', 'Y'),
	('11096', 'FATIH RIZQI MUBAROK', 'K07', 'L', 'Y'),
	('11097', 'HAFIDZ FATURAHMAN', 'K07', 'L', 'Y'),
	('11098', 'KEYSHA SALSABILA AZZAHRA', 'K07', 'P', 'Y'),
	('11099', 'KINANTHI RIZQYTA PRATIWI', 'K07', 'P', 'Y'),
	('11100', 'MIRACLE JUNO HANANTO', 'K07', 'L', 'Y'),
	('11101', 'MUHAMMAD REYHAN WISNU WISTARA', 'K07', 'L', 'Y'),
	('11102', 'MUHAMMAD RIDHWAN AZHARI', 'K07', 'L', 'Y'),
	('11103', 'NAFAUDDINA FATHIN', 'K07', 'P', 'Y'),
	('11104', 'NAJWA SHAFA HABIBA', 'K07', 'P', 'Y'),
	('11105', 'NASYWA ATHIYYATINNAJA', 'K07', 'P', 'Y'),
	('11106', 'NITYA SANTIKA ISAVAYA', 'K07', 'P', 'Y'),
	('11107', 'SAFIRA JIHAN PURNOMO PUTRI', 'K07', 'P', 'Y'),
	('11108', 'SASKIA RAMADHANI PUTRI', 'K07', 'P', 'Y'),
	('11109', 'UWAYS ABDUL HAMID', 'K07', 'L', 'Y'),
	('11110', 'ZAIDATUN NADLIROH', 'K07', 'P', 'Y'),
	('11111', 'ZULAIKHA AIDIN KAMILA', 'K07', 'P', 'Y'),
	('11112', 'ABID EKADIPA BHAGAWANTA', 'K08', 'L', 'Y'),
	('11113', 'AHMAD AL FARABY ABYA MUZAMZAMI', 'K08', 'L', 'Y'),
	('11114', 'ALIYA FARHANA ROSHADA', 'K08', 'P', 'Y'),
	('11115', 'AMELIA WIDYA WIJAYANTI', 'K08', 'P', 'Y'),
	('11116', 'AURATIFA ARDIANY PRATISTA', 'K08', 'P', 'Y'),
	('11117', 'EDGINA AUFA FELISYA', 'K08', 'P', 'Y'),
	('11118', 'FATIHAH MUTHMAINNAH', 'K08', 'P', 'Y'),
	('11119', 'GANESYA NARESWARI SUSILO', 'K08', 'P', 'Y'),
	('11120', 'HAYYUNEFIN MAARIS MUHAMMAD FIRDAUS', 'K08', 'L', 'Y'),
	('11121', 'ISNA SHAFNA KHAERANI', 'K08', 'P', 'Y'),
	('11122', 'JASMINE AZ ZAHRA', 'K08', 'P', 'Y'),
	('11123', 'LATHIFA NISA FAUZIAH', 'K08', 'P', 'Y'),
	('11124', 'MAULANA ARKAN ATTHARIQ', 'K08', 'L', 'Y'),
	('11125', 'MUHAMMAD JUAN FERNANDO AZIZ ABDULLAH', 'K08', 'L', 'Y'),
	('11126', 'MUHAMMAD NABIL AIZAR RAMADHAN', 'K08', 'L', 'Y'),
	('11127', 'NANDANA ATHA RADITYA', 'K08', 'L', 'Y'),
	('11128', 'NASHIRA BILQIS SABRINA', 'K08', 'P', 'Y'),
	('11129', 'NURIL HIDAYATI', 'K08', 'P', 'Y'),
	('11130', 'RADEN RARA SEKAR GANDES GANTARI ', 'K08', 'P', 'Y'),
	('11131', 'RAKHA ADI PRASETYA', 'K08', 'L', 'Y'),
	('11132', 'SAFIRA FIRDAUS', 'K08', 'P', 'Y'),
	('11133', 'SENYUM DESITA SURYANI', 'K08', 'P', 'Y'),
	('11134', 'TIONALDO DAFFA PRADIPTA', 'K08', 'L', 'Y'),
	('11136', 'ADIESTA YUSNIA PRASETYAWATI', 'K09', 'P', 'Y'),
	('11137', 'ALIFA PUTRI NURIA WAHID', 'K09', 'P', 'Y'),
	('11138', 'ALMIRA HUSNA NATHANIA', 'K09', 'P', 'Y'),
	('11139', 'ANGGITO ABIMANYU', 'K09', 'L', 'Y'),
	('11140', 'ANISA ZAHRA RAHMAWATI', 'K09', 'P', 'Y'),
	('11141', 'DEINA ANANDA NUR ISNAINI FARAH DIBA', 'K09', 'P', 'Y'),
	('11142', 'EVAN RAKADANI', 'K09', 'L', 'Y'),
	('11143', 'EVANDRA RAMADHAN AZRIEL SANYOTO', 'K09', 'L', 'Y'),
	('11144', 'FEBRIANA AULIA PUTRI AMOR', 'K09', 'P', 'Y'),
	('11145', 'FRISTI TRI KUMALASARI', 'K09', 'P', 'Y'),
	('11146', 'HUSNA KHAIRUNNISA SUSILOWATI', 'K09', 'P', 'Y'),
	('11147', 'MIFTAHUS SALSABILA ISNAENI', 'K09', 'P', 'Y'),
	('11148', 'MUHAMMAD ISMAIL AL JAMIL', 'K09', 'L', 'Y'),
	('11149', 'MUHAMMAD ISNAINI AL FATH', 'K09', 'L', 'Y'),
	('11150', 'NAFISA NAILAL HUSNA', 'K09', 'P', 'Y'),
	('11151', 'NAILLA MAHESWARI', 'K09', 'P', 'Y'),
	('11152', 'NARANTIKA VELLANY MAHARANI', 'K09', 'P', 'Y'),
	('11153', 'NAUFAL YOGA PRATAMA', 'K09', 'L', 'Y'),
	('11154', 'NAYSILLA AZZAHRA CHAERUNNISA', 'K09', 'P', 'Y'),
	('11155', 'NIKITA QURATAINI', 'K09', 'P', 'Y'),
	('11156', 'RIZWAR NAUFAL FAUZAN', 'K09', 'L', 'Y'),
	('11157', 'SATRIA LHASA PUTRA DEWANDA', 'K09', 'L', 'Y'),
	('11158', 'SYAHDA ATHA NABILA', 'K09', 'P', 'Y'),
	('11159', 'ZAHROTUN NISA', 'K09', 'P', 'Y'),
	('11160', 'AHMAD AULIA ANWAR', 'K10', 'L', 'Y'),
	('11161', 'ALLEISYA AULIA ALI', 'K10', 'P', 'Y'),
	('11162', 'ALVEIRASDY ADDIRA ARVIL IMANI', 'K10', 'P', 'Y'),
	('11163', 'AYUDYA PUTRI TSAQIFA', 'K10', 'P', 'Y'),
	('11164', 'AYUSHITA FADHILLAH ZULFA', 'K10', 'P', 'Y'),
	('11165', 'DEVINA CLARABELLE', 'K10', 'P', 'Y'),
	('11166', 'EVAYLUNA SIERA AGNESANTI', 'K10', 'P', 'Y'),
	('11167', 'FADHILA ASYIFA', 'K10', 'P', 'Y'),
	('11168', 'GIBRALTA ROYAL MAHADIVA ABDULLAH', 'K10', 'P', 'Y'),
	('11169', 'MUHAMMAD CHELSA LIWAULHAMD', 'K10', 'L', 'Y'),
	('11170', 'MUHAMMAD FAIZ RIZAL', 'K10', 'L', 'Y'),
	('11171', 'NABILA QORIRA FAIZAH', 'K10', 'P', 'Y'),
	('11172', 'NADILLA ASMA DZAKIYAH', 'K10', 'P', 'Y'),
	('11173', 'NAIMA SYIFA HASNA AL THORY', 'K10', 'P', 'Y'),
	('11174', 'NURAFFAN MORIZKI', 'K10', 'L', 'Y'),
	('11175', 'QUENNA KINANTI AZRA NAILAH', 'K10', 'P', 'Y'),
	('11176', 'RIZAL ARISTO ANARGYA', 'K10', 'L', 'Y'),
	('11177', 'RIZKY ADITYA FIRMANSYAH', 'K10', 'L', 'Y'),
	('11178', 'ROGIYD SHAWNY HUSNIKA', 'K10', 'L', 'Y'),
	('11179', 'SHOFIYATUSSALWA AZZAHRO', 'K10', 'P', 'Y'),
	('11180', 'SYIFAUL EDSA ANNAZLA', 'K10', 'L', 'Y'),
	('11181', 'USSY AILA DESYIFA', 'K10', 'P', 'Y'),
	('11182', 'ZAHRAN ABYAN CHEZAR SAKSONO', 'K10', 'L', 'Y'),
	('11183', 'ZALFA ZAHIRA RAMADHINTA', 'K10', 'P', 'Y'),
	('11184', 'ACHMAD SYABIL BISYARI', 'K04', 'L', 'Y'),
	('11185', 'AFIF JAGADRAYA SEMERU II', 'K04', 'L', 'Y'),
	('11186', 'AHMAD ZAINI ZEIN', 'K04', 'L', 'Y'),
	('11187', 'ALHENA SHARLIZ NUR FAHMIDA', 'K04', 'P', 'Y'),
	('11188', 'ALIYAH  KHUZAMA', 'K04', 'P', 'Y'),
	('11189', 'AYLA NAJWA FAZA ARDIAN', 'K04', 'P', 'Y'),
	('11190', 'CHRISTIAN MAXMILLIAN BAYU KUSUMA ADYATMA', 'K04', 'L', 'Y'),
	('11191', 'DANISHARA HANUNAIDAPRABANDHARI', 'K04', 'P', 'Y'),
	('11192', 'FAIRUZ ANNINDYA SHAFIR', 'K04', 'P', 'Y'),
	('11193', 'FAKHRANIA NADIA SAFA', 'K04', 'P', 'Y'),
	('11194', 'JULIA RAHMA ADZANI LASTAMUKTI', 'K04', 'P', 'Y'),
	('11195', 'KAYLA RESTI AULIA', 'K04', 'P', 'Y'),
	('11196', 'KESYA SELVIRA CHOIRUNISA ILMA SETYAWAN', 'K04', 'P', 'Y'),
	('11197', 'LAETISHA ASYIFHA VREYHA NOEGROHO', 'K04', 'P', 'Y'),
	('11198', 'LUTHFIYA PUSPALANA', 'K04', 'P', 'Y'),
	('11199', 'LUQMAN NAIM SYUKUR', 'K04', 'L', 'Y'),
	('11200', 'MEDINA AMRY SAFARIDA', 'K04', 'P', 'Y'),
	('11201', 'MUHAMMAD IRSYAD SAPUTRA', 'K04', 'L', 'Y'),
	('11202', 'MUHAMMAD SYAHDILLAH ARDHANI', 'K04', 'L', 'Y'),
	('11203', 'NAFISSA KAYLA ALIMA SHAMIM', 'K04', 'P', 'Y'),
	('11204', 'NAKEISHA AZZAHRA', 'K04', 'P', 'Y'),
	('11205', 'QORIN KHOIRUN NISA', 'K04', 'P', 'Y'),
	('11206', 'RAHMANIA MAULIDA PUTRI PRAMATYA', 'K04', 'P', 'Y'),
	('11207', 'RIZAL EKA OKTAVIAN', 'K04', 'L', 'Y'),
	('11208', 'SAFIRA AZZAHRA PUTRI', 'K04', 'P', 'Y'),
	('11209', 'SAYYID MUHAMMMAD ZHAHIR', 'K04', 'L', 'Y'),
	('11210', 'TITAN DAMARJATI', 'K04', 'L', 'Y'),
	('11211', 'WAHID AZIZ ABDILLAH', 'K04', 'L', 'Y'),
	('11212', 'ZAIF ZAKI ZULFIKAR', 'K04', 'L', 'Y'),
	('11213', 'ZUHRIAH ANNIDA RAHMA', 'K04', 'P', 'Y'),
	('11214', 'AMALYA ZHAFIRA SALSABILA', 'K05', 'P', 'Y'),
	('11215', 'ATHA FAJAR NUGRAHA', 'K05', 'L', 'Y'),
	('11216', 'DHIYA NASYWA KHUMAIRA', 'K05', 'P', 'Y'),
	('11217', 'DYO ADYTYA FINANDRA', 'K05', 'L', 'Y'),
	('11218', 'ELLISYA RAMADANI', 'K05', 'P', 'Y'),
	('11219', 'FAIRUZ YUMNA NAFIRA', 'K05', 'P', 'Y'),
	('11220', 'FATHIN NUHA CAHYANINGSIH', 'K05', 'P', 'Y'),
	('11221', 'HAGIA SOFIA', 'K05', 'P', 'Y'),
	('11222', 'HANA YUMNA SETYARAJNI', 'K05', 'P', 'Y'),
	('11223', 'HANIFA DWIKO MADINA SYIFA', 'K05', 'P', 'Y'),
	('11224', 'HILDAIMAN PUTRA ALFARIS', 'K05', 'L', 'Y'),
	('11225', 'ILANA FAZA ALIFIA', 'K05', 'P', 'Y'),
	('11226', 'IZZA NINDYA AULIA', 'K05', 'P', 'Y'),
	('11227', 'JIHAN FADILA GUSMITA', 'K05', 'P', 'Y'),
	('11228', 'MUHAMMAD ALIEF ANDARWAN', 'K05', 'L', 'Y'),
	('11229', 'MUHAMMAD ARFIAN PUTRA KUSNADI', 'K05', 'L', 'Y'),
	('11230', 'MUHAMMAD HIBBAN NURIL SALAM', 'K05', 'L', 'Y'),
	('11231', 'NABILLA ASMA DZAKIYAH', 'K05', 'P', 'Y'),
	('11232', 'NAZIFA BUSSAINO IZZATI', 'K05', 'P', 'Y'),
	('11233', 'PRAYOGA FAUZAN AMMAR', 'K05', 'L', 'Y'),
	('11234', 'RAHERDIAN IHSAN ABDULLAH', 'K05', 'L', 'Y'),
	('11235', 'RAYA BENING GADING PAWESTRI', 'K05', 'P', 'Y'),
	('11236', 'RENATA KIRANA AURANISSA', 'K05', 'P', 'Y'),
	('11237', 'REVA AQILA RAHMADI', 'K05', 'P', 'Y'),
	('11238', 'SYARIF FADHLUROHMAN', 'K05', 'L', 'Y'),
	('11239', 'TALITHA ATISOMYA RINASIA SUKOCO', 'K05', 'P', 'Y'),
	('11240', 'TALITHA AYU NUR LATHIFAH', 'K05', 'P', 'Y'),
	('11241', 'TIRTAGIRI PRAMONO', 'K05', 'L', 'Y'),
	('11242', 'ZIDAN FACHRI AZIZ', 'K05', 'L', 'Y'),
	('11243', 'ALIFIA DIAN MAWARTI', 'K06', 'P', 'Y'),
	('11244', 'AMANDA GHEA FALISHA', 'K06', 'P', 'Y'),
	('11245', 'AQILA KHAIRUNNISA', 'K06', 'P', 'Y'),
	('11246', 'AROFAH ARROYANI', 'K06', 'P', 'Y'),
	('11247', 'ATHALLAH RESHA ARISTA', 'K06', 'L', 'Y'),
	('11248', 'AZZA NOOR ARIEVA', 'K06', 'P', 'Y'),
	('11249', 'BELVANA ELVRYDALENA SETYAWAN', 'K06', 'P', 'Y'),
	('11250', 'CALISTA PUTRI FATIMAHESWARI', 'K06', 'P', 'Y'),
	('11251', 'DANDY FAUZAN FIRMANSYAH', 'K06', 'L', 'Y'),
	('11252', 'DZAKI INDRA SAGUNA', 'K06', 'L', 'Y'),
	('11253', 'FAIZ RAFA PRAYOGA', 'K06', 'L', 'Y'),
	('11254', 'FAZA AYSILA CHAIRUNNISA', 'K06', 'P', 'Y'),
	('11255', 'FIONA ANNE AZZAHRA', 'K06', 'P', 'Y'),
	('11256', 'FITZKA AURELIA NESSA', 'K06', 'P', 'Y'),
	('11257', 'HAMDAN RAIS RAKAPRADANA', 'K06', 'L', 'Y'),
	('11258', 'HAMMAM MUKHLISHUL IBAD', 'K06', 'L', 'Y'),
	('11259', 'LAILA NUR ZAHWALIA', 'K06', 'P', 'Y'),
	('11260', 'M. FAUZAN NARAYA TSAQIIF', 'K06', 'L', 'Y'),
	('11261', 'MIFTAKHUL SHOLIKHAH', 'K06', 'P', 'Y'),
	('11262', 'MUH. ALIEF ARDHYA ARIFIN', 'K06', 'L', 'Y'),
	('11263', 'MUHAMMAD AL AZIM DARADJAT', 'K06', 'L', 'Y'),
	('11264', 'MUHAMMAD FIRMAN IRSYAD ABIMANYU', 'K06', 'L', 'Y'),
	('11265', 'NOOR AZZURA PRADNYREINALA', 'K06', 'P', 'Y'),
	('11266', 'NURAINI DWIMANE KARTIKA SARI', 'K06', 'P', 'Y'),
	('11267', 'SALVIA MAULINA PUTRI', 'K06', 'P', 'Y'),
	('11268', 'SITTI RADYA PANGLIMUNAN', 'K06', 'P', 'Y'),
	('11269', 'TSABITA AZKA WARDHANA', 'K06', 'P', 'Y'),
	('11270', 'VENESSA SHAKIRA HAQUE', 'K06', 'P', 'Y'),
	('11271', 'WAFA AHDELLA AL MUSLIMAH', 'K06', 'P', 'Y'),
	('11272', 'ZAELANTI NAILA HUSNA', 'K06', 'P', 'Y'),
	('11273', 'ARGHO BANYU WICAKSONO', 'K11', 'L', 'Y'),
	('11274', 'AULIDINIA RISAFA KALISTA', 'K11', 'P', 'Y'),
	('11275', 'AURA NAZHIFA SALSABILA', 'K11', 'P', 'Y'),
	('11276', 'BERLIAN KAYLARAHMA ARIFIN', 'K11', 'P', 'Y'),
	('11277', 'BRENDA ARDHIA GITA', 'K11', 'P', 'Y'),
	('11278', 'CHILMA TSABITA ZUHARA', 'K11', 'P', 'Y'),
	('11279', 'CINDY AULIA AFANDY', 'K11', 'P', 'Y'),
	('11280', 'DAFFA MAULANA ZAIN', 'K11', 'L', 'Y'),
	('11281', 'DISMA LUTFHIANA', 'K11', 'P', 'Y'),
	('11282', 'FARIDA KHAZNAH FAUZIAH', 'K11', 'P', 'Y'),
	('11283', 'FILDZA FARA FAIRUZ', 'K11', 'P', 'Y'),
	('11284', 'GHULNAS JAMILA MA`WA', 'K11', 'P', 'Y'),
	('11285', 'IRSYAD ZAKI RAMDHANI', 'K11', 'L', 'Y'),
	('11286', 'JESSLYN ALVINA', 'K11', 'P', 'Y'),
	('11287', 'KHAIRINA NASHITA SALIM', 'K11', 'P', 'Y'),
	('11288', 'LAURA SALIMA RAHMAWATI', 'K11', 'P', 'Y'),
	('11289', 'MUHAMMAD AHNAF BADRUDIN', 'K11', 'L', 'Y'),
	('11290', 'MUHAMMAD FAZA', 'K11', 'L', 'Y'),
	('11291', 'MUHAMMAD KHANUN DZAKWAN', 'K11', 'L', 'Y'),
	('11292', 'MUHAMMAD NADHIF MIRZAQ', 'K11', 'L', 'Y'),
	('11293', 'MUKHAMMAD ZULFIKAR FATIKHURROHMAN', 'K11', 'L', 'Y'),
	('11294', 'NABILAH ZAHRA SANTOSA', 'K11', 'P', 'Y'),
	('11295', 'NAIFA ASLA FAIRUZ', 'K11', 'P', 'Y'),
	('11296', 'NASHITA KALILA VERDA ZAINA', 'K11', 'P', 'Y'),
	('11297', 'NAYLA LATIFAH', 'K11', 'P', 'Y'),
	('11298', 'PAMBAYUN SALSABILA AULIA AZZAHRA', 'K11', 'P', 'Y'),
	('11299', 'RASIKHA SHAHRIN ATSARI', 'K11', 'P', 'Y'),
	('11300', 'SYAFIRA NUR AISYAH', 'K11', 'P', 'Y'),
	('11301', 'TAMIM MAKARIM', 'K11', 'L', 'Y'),
	('11302', 'AISYAH DWI MEGAPUTRI', 'K01', 'P', 'Y'),
	('11303', 'AISYAH MALIHAH AZZAHRA', 'K01', 'P', 'Y'),
	('11304', 'AISYAH NIHAYAH', 'K01', 'P', 'Y'),
	('11305', 'AKMAL SALAM GUMILANG', 'K01', 'L', 'Y'),
	('11306', 'ALIYA NANDASARI ARKAPUTRI', 'K01', 'P', 'Y'),
	('11307', 'AMALIA DEWI ANANDA', 'K01', 'P', 'Y'),
	('11308', 'ANISA DIEMEN AVRILIA', 'K01', 'P', 'Y'),
	('11309', 'ARDIWAN RHAGA ANINDITA', 'K01', 'L', 'Y'),
	('11310', 'DINDA RAHMAH SABRINA', 'K01', 'P', 'Y'),
	('11311', 'FATHONAH AZIIZAH SHOLIHAH', 'K01', 'P', 'Y'),
	('11312', 'FATIMAH AZ-ZAHRA', 'K01', 'P', 'Y'),
	('11313', 'FAUZAN AKBAR RAMADHANI', 'K01', 'L', 'Y'),
	('11314', 'FERNANDA ADIASTA BAYU PUTRA', 'K01', 'L', 'Y'),
	('11315', 'GHANIY GHAFARIYUDA', 'K01', 'L', 'Y'),
	('11316', 'ILYAS ADI PRATAMA', 'K01', 'L', 'Y'),
	('11317', 'KHAILILA PRADIPTA AYU PASYA', 'K01', 'P', 'Y'),
	('11318', 'KHALISA KHAIRINA', 'K01', 'P', 'Y'),
	('11319', 'LUTHIYYAH MUKAARIM', 'K01', 'P', 'Y'),
	('11320', 'MUHAMMAD AZIZ AKMAL MAHENDRA', 'K01', 'L', 'Y'),
	('11321', 'MUHAMMAD KHAIRUL SHALEH', 'K01', 'L', 'Y'),
	('11322', 'NASYIFA NAILA HUSNA', 'K01', 'P', 'Y'),
	('11323', 'NEIZELLA PUTRI HARTONO', 'K01', 'P', 'Y'),
	('11324', 'NIMAS RURI JATMIKANINGTYAS', 'K01', 'P', 'Y'),
	('11325', 'PADANG ISTIGHFAR MUHAMMAD BILAL', 'K01', 'L', 'Y'),
	('11326', 'RIGEL NAWWAR SAIFULLAH PUTROP', 'K01', 'L', 'Y'),
	('11327', 'SEKAR PUTRI AZZAHRA', 'K01', 'P', 'Y'),
	('11328', 'SHARNANSYAH YUSUF NOER FIRDAUS', 'K01', 'L', 'Y'),
	('11329', 'SYAFANA SHERLY ROMADHONA', 'K01', 'P', 'Y'),
	('11330', 'TALITHA SYAFA FULCA', 'K01', 'P', 'Y'),
	('11331', 'ULI AULIA NAAFI ATURROSYID', 'K01', 'P', 'Y'),
	('11332', 'YUSUF TEGAR RAMADHAN', 'K01', 'L', 'Y'),
	('11333', 'ADHIPRAMANA PUTRA FITRIANTO', 'K02', 'L', 'Y'),
	('11334', 'AHMAD FAIZ IRHAMTA', 'K02', 'L', 'Y'),
	('11335', 'AISYAH PUTRI NUR AZIZAH', 'K02', 'P', 'Y'),
	('11336', 'ANNISA NUANSA SHOLEHA', 'K02', 'P', 'Y'),
	('11337', 'ATHALLAH ABYAN FARREL', 'K02', 'L', 'Y'),
	('11338', 'AYUDYA NAYLA FAUZIA AZZAHRA', 'K02', 'P', 'Y'),
	('11339', 'FARAH AULIYA HASANAH', 'K02', 'P', 'Y'),
	('11340', 'FASIKHUL ZULFAN FUADI', 'K02', 'L', 'Y'),
	('11341', 'FAWWAS DANU SAPUTRA', 'K02', 'L', 'Y'),
	('11342', 'FEBRIAN WAHYU UTOMO', 'K02', 'L', 'Y'),
	('11343', 'FERNANDO CHANIF RIZAL HINDRATO', 'K02', 'L', 'Y'),
	('11344', 'GADING AFIF NUR MALIKI', 'K02', 'L', 'Y'),
	('11345', 'GARWITA AKAYLA PUTRI', 'K02', 'P', 'Y'),
	('11346', 'GRISELDA SAVA IGNACIA AHMAD', 'K02', 'P', 'Y'),
	('11347', 'HANIFAH', 'K02', 'P', 'Y'),
	('11348', 'HANUN NAILAL HUSNA', 'K02', 'P', 'Y'),
	('11349', 'HASSAN GUNAWAN INDRAJAYA', 'K02', 'L', 'Y'),
	('11350', 'INDRASWARI SUKMA PUTRI', 'K02', 'P', 'Y'),
	('11351', 'ISTIGHFARAH ANINDRA PUTRI', 'K02', 'P', 'Y'),
	('11352', 'MAJREEHA SAFIINATUL UMMAH', 'K02', 'P', 'Y'),
	('11353', 'MUHAMMAD IMRON ABDUL AZIZ', 'K02', 'L', 'Y'),
	('11354', 'NABILA AZ ZAHRA', 'K02', 'P', 'Y'),
	('11355', 'NABILA FAUZIA', 'K02', 'P', 'Y'),
	('11356', 'NAILA RIFKI RAHMADHANI', 'K02', 'P', 'Y'),
	('11357', 'NAZARINA SUCI', 'K02', 'P', 'Y'),
	('11358', 'OLITA HAFLAH MARMORA', 'K02', 'P', 'Y'),
	('11359', 'SAHWA ALDILAH MUALIMA', 'K02', 'P', 'Y'),
	('11360', 'SALAMAH AZZAHRA AZIZAH', 'K02', 'P', 'Y'),
	('11361', 'SASKYA TRI RAMADHANI', 'K02', 'P', 'Y'),
	('11362', 'SYAFITRI SEKAR JANNAH', 'K02', 'P', 'Y'),
	('11363', 'ZALFA ISHMAH MUCHTAR', 'K02', 'P', 'Y'),
	('11364', 'ZHAFIRA AQYLA ZAHRA', 'K02', 'P', 'Y'),
	('11365', 'AHMAD FAHMI RAHMAN', 'K03', 'L', 'Y'),
	('11366', 'ALHIRDA NAAFI SAPUTRA', 'K03', 'L', 'Y'),
	('11367', 'ALISHA NISRINA AMANDA PUTRI', 'K03', 'P', 'Y'),
	('11368', 'ANISA YUMNA IZDIHAR', 'K03', 'P', 'Y'),
	('11369', 'AURA FATIHAH RIZQI', 'K03', 'P', 'Y'),
	('11370', 'AZKA GHATHFAAN SATRIA', 'K03', 'L', 'Y'),
	('11371', 'CHELSEA MALIK IBRAHIM', 'K03', 'L', 'Y'),
	('11372', 'DAFFA IKHSANUDDIN', 'K03', 'L', 'Y'),
	('11373', 'HAIDAR AL HUWAIDI', 'K03', 'L', 'Y'),
	('11374', 'HAIDAR IKHSAN FIRDAUS', 'K03', 'L', 'Y'),
	('11375', 'KHOIRUDIN IHSAN', 'K03', 'L', 'Y'),
	('11376', 'KHOIRUNNISA BALQIS ANAQOH', 'K03', 'P', 'Y'),
	('11377', 'LAILA NURUL AMANINA', 'K03', 'P', 'Y'),
	('11378', 'MEGAN HUSNI ATHALLAH', 'K03', 'L', 'Y'),
	('11379', 'MIFTAKHUL RIBKHI', 'K03', 'P', 'Y'),
	('11380', 'MUHAMMAD JALALLUDIN DARMAWAN', 'K03', 'L', 'Y'),
	('11381', 'MUKHODAROH NAZIATU  AZZAHRA', 'K03', 'P', 'Y'),
	('11382', 'NADIA TSAQIFA ALIYYUNNISA', 'K03', 'P', 'Y'),
	('11383', 'NADIYA AMANDA MALIEKA', 'K03', 'P', 'Y'),
	('11384', 'NAJWA FATIMAH AZ-ZAHRA', 'K03', 'P', 'Y'),
	('11385', 'NAUFAL DZAKY RIZQULLAH', 'K03', 'L', 'Y'),
	('11386', 'NUBILLA TRI HAPSARI', 'K03', 'P', 'Y'),
	('11387', 'PUTRI NAYLA BILQIS AS SHIFA', 'K03', 'P', 'Y'),
	('11388', 'RAAIDA SHOFIYA RAFADILA', 'K03', 'P', 'Y'),
	('11389', 'RAFI DITO RAMADHAN', 'K03', 'L', 'Y'),
	('11390', 'RATIH PROBOSARI', 'K03', 'P', 'Y'),
	('11391', 'RISMA MAYLANNI', 'K03', 'P', 'Y'),
	('11392', 'SALIS NUR AZIZAH', 'K03', 'P', 'Y'),
	('11393', 'SALSABILA PUTRI ISNAINI', 'K03', 'P', 'Y'),
	('11394', 'TIARA OKTANING WULAN', 'K03', 'P', 'Y'),
	('11395', 'VERANOVA VASHA VAREYVANI', 'K03', 'P', 'Y'),
	('11396', 'WAHYU AMBARWATI', 'K03', 'P', 'Y');
/*!40000 ALTER TABLE `t_user` ENABLE KEYS */;

/*!40101 SET SQL_MODE=IFNULL(@OLD_SQL_MODE, '') */;
/*!40014 SET FOREIGN_KEY_CHECKS=IF(@OLD_FOREIGN_KEY_CHECKS IS NULL, 1, @OLD_FOREIGN_KEY_CHECKS) */;
/*!40101 SET CHARACTER_SET_CLIENT=@OLD_CHARACTER_SET_CLIENT */;
